Name,Start,End,G,PA,HR,R,RBI,SB,BB%,K%,ISO,BABIP,AVG,OBP,SLG,wOBA,wRC+,BsR,Off,Def,WAR,playerid,Used
Tim McCarver,1959,1980,1909,6206,97,590,645,61,8.8 %,6.8 %,0.117,0.277,0.271,0.337,0.388,0.322,100,-4.2,-4.9,50.3,27.8,1008378,N
Willie McCovey,1959,1980,2588,9691,521,1229,1555,26,13.9 %,16.0 %,0.245,0.273,0.27,0.374,0.515,0.388,145,-0.4,498.7,-206.6,67.4,1008423,N
Manny Mota,1962,1982,1536,4227,31,496,438,50,6.8 %,7.6 %,0.085,0.323,0.304,0.355,0.389,0.334,112,-4.4,54,-60.3,15,1009259,N
Willie Stargell,1962,1982,2360,9026,475,1195,1540,17,10.4 %,21.4 %,0.247,0.314,0.282,0.36,0.529,0.387,145,-0.8,457.5,-185,62.9,1012426,N
Vic Davalillo,1963,1980,1458,4296,36,509,329,125,4.9 %,9.8 %,0.085,0.303,0.279,0.315,0.364,0.304,93,5.2,-26.7,20.6,12.8,1003012,N
Willie Horton,1963,1980,2028,8052,325,873,1163,20,7.7 %,16.3 %,0.183,0.292,0.273,0.332,0.457,0.351,119,-8.5,160.8,-157.7,27.5,1006038,N
Rusty Staub,1963,1985,2951,11229,292,1189,1466,47,11.2 %,7.9 %,0.151,0.28,0.279,0.362,0.431,0.353,122,-0.5,282.2,-216,47.9,1012440,N
Paul Blair,1964,1980,1947,6673,134,776,620,171,6.7 %,13.1 %,0.131,0.271,0.25,0.302,0.382,0.309,97,0.9,-20.8,160.3,35.3,1001031,N
Bert Campaneris,1964,1983,2328,9625,79,1181,646,649,6.4 %,11.9 %,0.083,0.288,0.259,0.311,0.342,0.298,90,57.7,-56,181.5,44.9,1001868,N
Tony Perez,1964,1986,2777,10861,379,1272,1652,49,8.5 %,17.2 %,0.184,0.308,0.279,0.341,0.463,0.356,121,-0.7,263,-75.1,58.9,1010188,N
Lou Piniella,1964,1984,1747,6362,102,651,766,32,5.8 %,8.5 %,0.118,0.303,0.291,0.333,0.409,0.33,107,-8.1,40,-126.2,12.3,1010356,N
Mark Belanger,1965,1982,2016,6602,20,676,389,167,8.7 %,12.7 %,0.052,0.261,0.228,0.3,0.28,0.272,71,6.4,-206.4,345.6,34.9,1000786,N
Bud Harrelson,1965,1980,1533,5516,7,539,267,127,11.5 %,11.8 %,0.052,0.271,0.236,0.327,0.288,0.289,80,4.6,-116.8,115.5,19.1,1005387,N
Ken Henderson,1965,1980,1444,5227,122,595,576,86,11.3 %,14.6 %,0.139,0.282,0.257,0.343,0.396,0.334,106,2.6,38,-43.4,17.9,1005634,N
Lee May,1965,1982,2071,8219,354,959,1244,39,5.9 %,19.1 %,0.192,0.292,0.267,0.313,0.459,0.343,116,-3.4,139.4,-159.5,27.6,1008303,N
Bobby Murcer,1965,1983,1908,7718,252,972,1043,127,11.2 %,10.9 %,0.168,0.282,0.277,0.357,0.445,0.359,124,-1.3,205.9,-156.6,32.6,1009338,N
Rick Monday,1966,1984,1986,7162,241,950,775,98,12.9 %,21.1 %,0.179,0.312,0.264,0.361,0.443,0.361,125,-12.9,187,-132.8,31.1,1009051,N
Reggie Smith,1966,1982,1987,8050,314,1123,1092,137,11.1 %,12.8 %,0.202,0.295,0.287,0.366,0.489,0.379,137,-2.5,331.7,25.5,64.6,1012201,N
Bob Watson,1966,1984,1832,6962,184,802,989,27,9.4 %,11.4 %,0.152,0.312,0.295,0.364,0.447,0.362,128,-4,217.8,-158.8,31.1,1013677,N
Pat Kelly,1967,1981,1385,5011,76,620,418,250,11.7 %,15.3 %,0.112,0.304,0.264,0.354,0.377,0.336,110,6,60.4,-108.6,11.9,1006810,N
Graig Nettles,1967,1988,2700,10227,390,1193,1314,32,10.6 %,11.8 %,0.173,0.245,0.248,0.329,0.421,0.337,111,-6.2,119.6,179,65.7,1009517,N
Amos Otis,1967,1984,1998,8247,193,1092,1007,341,9.2 %,12.2 %,0.149,0.295,0.277,0.343,0.425,0.345,115,34.5,168.3,-58.3,40.2,1009893,N
Joe Rudi,1967,1982,1547,6077,179,684,810,25,6.1 %,14.3 %,0.162,0.283,0.264,0.311,0.427,0.329,111,0.4,69.1,-26.5,24.6,1011283,N
Manny Sanguillen,1967,1980,1448,5380,65,566,585,36,4.1 %,6.2 %,0.102,0.305,0.296,0.326,0.398,0.321,99,-5.9,-10.2,93.5,27.8,1011434,N
Dusty Baker,1968,1986,2039,8022,242,964,1013,137,9.5 %,11.5 %,0.153,0.288,0.278,0.347,0.432,0.349,117,0.2,159.8,-61.8,37.9,1000450,N
Bobby Bonds,1968,1981,1849,8090,332,1258,1024,460,11.3 %,21.7 %,0.203,0.31,0.268,0.353,0.471,0.368,130,28.9,303.9,-34.6,57.1,1001157,N
Richie Hebner,1968,1985,1908,7022,203,865,890,38,9.8 %,10.6 %,0.162,0.283,0.276,0.352,0.438,0.353,119,-6.6,149.6,-50.7,35.7,1005571,N
Larry Hisle,1968,1981,1197,4780,166,652,674,128,9.7 %,19.7 %,0.18,0.312,0.273,0.347,0.452,0.358,123,3.3,126.2,-66.2,23.2,1005858,N
Hal McRae,1968,1987,2084,8059,191,940,1097,109,8.0 %,9.7 %,0.165,0.3,0.29,0.351,0.454,0.358,122,-7.7,198.8,-188.8,28.7,1008687,N
Don Money,1968,1983,1720,6998,176,798,729,80,8.6 %,12.4 %,0.145,0.277,0.261,0.328,0.406,0.331,106,-1.9,46.3,28.2,32,1009052,N
Freddie Patek,1968,1981,1650,6247,41,736,490,385,8.4 %,12.6 %,0.081,0.274,0.242,0.309,0.324,0.291,79,28.5,-114.8,105.1,20.4,1010052,N
Merv Rettenmund,1968,1980,1023,3074,66,393,329,68,14.5 %,12.4 %,0.135,0.295,0.271,0.381,0.406,0.361,128,4,101.9,-6.7,20.4,1010846,N
Ted Simmons,1968,1988,2456,9685,248,1074,1389,21,8.8 %,7.2 %,0.152,0.284,0.285,0.348,0.437,0.347,116,-7.6,164.6,28.1,54.2,1011986,N
Dave Cash,1969,1980,1422,6057,21,732,426,120,7.0 %,5.1 %,0.075,0.295,0.283,0.334,0.358,0.316,95,-3,-38.3,69.7,24,1002041,N
Rick Dempsey,1969,1992,1766,5407,96,525,471,20,10.9 %,13.6 %,0.114,0.256,0.233,0.319,0.347,0.306,91,-3.7,-62,154.5,27.7,1003203,N
Darrell Evans,1969,1989,2687,10737,414,1344,1354,99,14.9 %,13.1 %,0.183,0.25,0.248,0.361,0.431,0.355,120,-6.7,244.6,-13.5,61.2,1003864,N
Carlton Fisk,1969,1993,2499,9853,376,1276,1330,128,8.6 %,14.1 %,0.188,0.28,0.269,0.341,0.457,0.354,117,2.5,191.1,133.2,68.3,1004101,N
Oscar Gamble,1969,1985,1584,5197,200,656,666,47,11.7 %,10.5 %,0.189,0.263,0.265,0.356,0.454,0.362,127,-3.9,156.3,-130.4,20.6,1004473,N
Steve Garvey,1969,1987,2332,9466,272,1143,1308,83,5.1 %,10.6 %,0.152,0.304,0.294,0.329,0.446,0.342,116,-6.8,166.9,-118.7,37.8,1004557,N
Toby Harrah,1969,1985,2155,8767,195,1115,918,238,13.2 %,9.9 %,0.131,0.274,0.264,0.365,0.395,0.347,116,12.2,178,-32.5,45.8,1005384,N
Bill Russell,1969,1986,2181,8021,46,796,627,167,6.0 %,8.3 %,0.074,0.282,0.263,0.31,0.338,0.291,82,7.8,-157,166,28.2,1011311,N
Ted Sizemore,1969,1980,1411,5648,23,577,430,59,8.3 %,6.2 %,0.06,0.275,0.262,0.325,0.321,0.296,81,-4.2,-126.8,73.7,13.6,1012027,N
Gene Tenace,1969,1983,1555,5525,201,653,674,36,17.8 %,18.1 %,0.187,0.266,0.241,0.388,0.429,0.373,140,-7.7,239.3,5.2,45,1012911,N
Cesar Cedeno,1970,1986,2006,8133,199,1084,976,550,8.2 %,11.5 %,0.158,0.302,0.285,0.347,0.443,0.353,122,42.3,248.6,-50.4,49.9,1002100,N
Dave Concepcion,1970,1988,2488,9641,101,993,950,321,7.6 %,12.3 %,0.09,0.296,0.267,0.322,0.357,0.306,88,22.4,-106.5,172.3,39.7,1002494,N
Jose Cruz,1970,1988,2353,8931,165,1036,1077,317,10.1 %,11.5 %,0.136,0.307,0.284,0.354,0.42,0.344,119,10.4,206.1,-11.3,50.8,1002841,N
Joe Ferguson,1970,1983,1013,3624,122,407,445,22,15.5 %,16.7 %,0.17,0.259,0.24,0.358,0.409,0.346,118,0.7,75.7,31.4,23.7,1003990,N
Greg Luzinski,1970,1984,1821,7518,307,880,1128,37,11.2 %,19.9 %,0.202,0.311,0.276,0.363,0.478,0.373,131,-3.5,260.4,-201.3,32.7,1007855,N
Milt May,1970,1984,1192,4075,77,313,443,4,7.5 %,8.9 %,0.108,0.272,0.263,0.318,0.371,0.308,91,-3.5,-43.8,74.6,17.2,1008304,N
Mickey Rivers,1970,1984,1468,6026,61,785,499,267,4.4 %,7.8 %,0.102,0.312,0.295,0.327,0.397,0.326,106,19.2,57.1,-25.2,23.9,1011005,N
Ken Singleton,1970,1984,2082,8559,246,985,1065,21,14.8 %,14.6 %,0.154,0.31,0.282,0.388,0.436,0.371,134,-7.8,322.3,-183.7,44.4,1012011,N
Ron Cey,1971,1987,2073,8344,316,977,1139,24,12.1 %,14.8 %,0.184,0.273,0.261,0.354,0.445,0.356,123,-5.8,208.4,46.5,55.6,1002108,N
Chris Chambliss,1971,1988,2175,8314,185,912,972,40,7.6 %,11.1 %,0.136,0.295,0.279,0.334,0.415,0.334,108,-4.6,68.4,-87.9,25.9,1002119,N
Cecil Cooper,1971,1987,1896,7939,241,1012,1125,89,5.6 %,11.5 %,0.168,0.311,0.298,0.337,0.466,0.353,119,-1.2,176.1,-112,33.8,1002592,N
George Hendrick,1971,1988,2048,7833,267,941,1111,59,7.2 %,12.9 %,0.168,0.289,0.278,0.329,0.446,0.343,115,-5.9,131.9,-120.6,28.2,1005642,N
Dave Kingman,1971,1986,1941,7429,442,901,1210,85,8.2 %,24.4 %,0.242,0.252,0.236,0.302,0.478,0.343,113,-1.5,107.5,-162.2,20.4,1006939,N
Billy North,1971,1981,1169,4621,20,640,230,395,13.6 %,14.4 %,0.062,0.308,0.261,0.365,0.323,0.324,106,17.1,47.7,20.2,22.8,1009638,N
Ben Oglivie,1971,1986,1754,6598,235,784,901,87,8.5 %,12.9 %,0.177,0.282,0.273,0.336,0.45,0.346,116,-9.7,110.1,-76.9,25.8,1009746,N
Darrell Porter,1971,1987,1782,6570,188,765,826,39,13.8 %,15.6 %,0.162,0.269,0.247,0.354,0.409,0.342,113,-5.9,94.3,80.3,40.8,1010450,N
Chris Speier,1971,1989,2260,8155,112,770,720,42,10.4 %,12.1 %,0.103,0.27,0.246,0.327,0.349,0.307,89,-11.8,-115.3,145.6,31.3,1012316,N
Rennie Stennett,1971,1981,1237,4810,41,500,432,75,4.3 %,7.2 %,0.084,0.288,0.274,0.306,0.359,0.299,84,-5.1,-89.7,66.9,13.7,1012484,N
Richie Zisk,1971,1983,1453,5737,207,681,792,8,9.3 %,15.9 %,0.178,0.312,0.287,0.353,0.466,0.365,127,-3.4,171.8,-101.2,27.3,1014455,N
Bob Boone,1972,1990,2264,8148,105,679,826,38,8.1 %,7.5 %,0.092,0.262,0.254,0.315,0.346,0.298,82,-12.3,-186.8,232.2,31.9,1001183,N
Al Bumbry,1972,1985,1496,5619,54,778,402,254,8.4 %,12.6 %,0.096,0.317,0.281,0.343,0.378,0.328,106,15.8,55.6,-22.8,22.6,1001649,N
Dwight Evans,1972,1991,2606,10569,385,1470,1384,78,13.2 %,16.1 %,0.198,0.295,0.272,0.37,0.47,0.375,129,-9,348.4,-68.6,65.1,1003865,N
Cliff Johnson,1972,1986,1369,4603,196,539,699,9,12.3 %,15.6 %,0.202,0.267,0.258,0.355,0.459,0.363,126,-2.8,134.4,-123.4,17.1,1006437,N
Lee Lacy,1972,1987,1523,5004,91,650,458,185,7.4 %,13.1 %,0.124,0.316,0.286,0.339,0.41,0.336,109,3.2,54.2,-41.9,18.6,1007243,N
Davey Lopes,1972,1987,1812,7340,155,1023,614,557,11.3 %,11.6 %,0.125,0.281,0.263,0.349,0.388,0.336,111,67.8,158,0.4,41.8,1007750,N
Garry Maddox,1972,1986,1749,6777,117,777,754,248,4.8 %,11.5 %,0.128,0.307,0.285,0.32,0.413,0.326,100,14.8,13.5,87.3,33.4,1007948,N
Jorge Orta,1972,1987,1755,6458,130,733,745,79,7.7 %,11.1 %,0.134,0.295,0.278,0.334,0.412,0.335,107,-6.7,42.1,-142.2,12.1,1009853,N
Steve Yeager,1972,1986,1269,4015,102,357,410,14,8.5 %,18.1 %,0.127,0.256,0.228,0.298,0.355,0.293,82,-3.8,-86.1,134.6,18.5,1014332,N
Alan Ashby,1973,1989,1370,4699,90,397,513,7,9.8 %,13.2 %,0.116,0.266,0.245,0.32,0.361,0.305,92,-2.7,-45.3,15,13.1,1000336,N
Bucky Dent,1973,1984,1392,5026,40,451,423,17,6.5 %,6.9 %,0.074,0.257,0.247,0.297,0.321,0.284,75,-7.2,-154.4,141.9,15.5,1003212,N
Brian Downing,1973,1992,2344,9309,275,1188,1074,50,12.9 %,12.1 %,0.158,0.28,0.267,0.37,0.425,0.36,124,-8.6,259.9,-100.3,48.4,1003451,N
Phil Garner,1973,1988,1860,6861,109,780,738,225,8.2 %,12.3 %,0.129,0.283,0.26,0.323,0.389,0.317,99,4.2,-4,50,28.2,1004541,N
Ken Griffey,1973,1991,2097,8049,152,1129,859,200,8.9 %,11.2 %,0.135,0.319,0.296,0.359,0.431,0.354,119,7.2,186.7,-146.6,32.1,1005044,N
Bake McBride,1973,1983,1071,4202,63,548,430,183,5.9 %,10.9 %,0.121,0.323,0.299,0.345,0.42,0.343,111,12.5,64.5,3.2,21.3,1008340,N
Andre Thornton,1973,1986,1565,6295,253,792,895,48,13.9 %,13.5 %,0.198,0.256,0.254,0.36,0.452,0.361,122,-4.5,154.7,-133.5,23.8,1013037,N
Manny Trillo,1973,1989,1780,6573,61,598,571,56,6.9 %,11.3 %,0.082,0.289,0.263,0.316,0.345,0.3,81,-11.2,-153.8,43.6,10.7,1013184,N
Frank White,1973,1990,2324,8468,160,912,886,178,4.9 %,12.2 %,0.128,0.274,0.255,0.293,0.383,0.301,84,2.5,-153.8,182.5,31.1,1013872,N
Dave Winfield,1973,1995,2973,12358,465,1669,1833,223,9.8 %,13.6 %,0.192,0.296,0.283,0.353,0.475,0.364,128,5.9,406.5,-243.9,59.9,1014127,N
Bruce Bochte,1974,1985,1538,5994,100,643,658,43,10.9 %,11.0 %,0.113,0.305,0.282,0.36,0.396,0.341,112,-6.9,80.2,-99.9,18.2,1001106,N
Rick Burleson,1974,1987,1346,5717,50,656,449,72,7.3 %,8.3 %,0.088,0.29,0.273,0.328,0.361,0.315,88,-11.5,-90.2,113.4,21.9,1001696,N
Gary Carter,1974,1992,2295,9019,324,1025,1225,39,9.4 %,11.1 %,0.176,0.262,0.262,0.335,0.439,0.342,116,-9.1,151.3,222.1,69.4,1002015,N
Al Cowens,1974,1986,1584,6038,108,704,717,120,6.4 %,10.9 %,0.133,0.288,0.27,0.319,0.403,0.323,98,-4.8,-19.4,-57,12.2,1002689,N
Warren Cromartie,1974,1991,1107,4318,61,459,391,50,7.5 %,9.3 %,0.121,0.299,0.281,0.336,0.402,0.326,103,-3.9,10,19.4,17.5,1002786,N
Mike Hargrove,1974,1984,1666,6694,80,783,686,24,14.4 %,8.2 %,0.101,0.307,0.29,0.396,0.391,0.36,124,-9.1,173.4,-96.2,31,1005361,N
Keith Hernandez,1974,1990,2088,8553,162,1124,1071,98,12.5 %,11.8 %,0.14,0.322,0.296,0.384,0.436,0.365,131,-5.8,294.3,0.3,59.4,1005706,N
Larry Herndon,1974,1988,1537,5319,107,605,550,92,6.6 %,14.9 %,0.135,0.306,0.274,0.322,0.409,0.326,103,-4.2,13.8,-20.2,17.2,1005717,N
Art Howe,1974,1985,891,2954,43,268,293,10,9.3 %,9.7 %,0.12,0.275,0.26,0.329,0.379,0.316,102,-1.4,3.3,30.5,13.6,1006092,N
Ray Knight,1974,1988,1495,5291,84,490,595,14,6.5 %,10.9 %,0.118,0.29,0.271,0.321,0.39,0.316,98,-7.5,-18.9,-21,13.8,1007043,N
Sixto Lezcano,1974,1985,1291,4814,148,560,591,37,12.0 %,16.0 %,0.168,0.298,0.271,0.36,0.44,0.358,125,-4.2,135.3,-43.1,26.1,1007593,N
Fred Lynn,1974,1990,1969,7923,306,1063,1111,72,10.8 %,14.1 %,0.201,0.296,0.283,0.36,0.484,0.372,129,-7.3,261.4,-53.2,49.2,1007872,N
Jim Rice,1974,1989,2089,9058,382,1249,1451,58,7.4 %,15.7 %,0.204,0.318,0.298,0.352,0.502,0.375,128,-2.1,297.5,-106.3,50.8,1010897,N
John Stearns,1974,1983,810,3083,46,334,312,91,10.5 %,9.5 %,0.116,0.274,0.26,0.341,0.375,0.325,104,-1.3,11.1,68.7,18.9,1012446,N
Jim Sundberg,1974,1989,1962,6899,95,621,624,20,10.1 %,14.0 %,0.1,0.28,0.248,0.327,0.348,0.309,91,-10.6,-83.6,223.7,37.7,1012724,N
Robin Yount,1974,1993,2856,12249,251,1632,1406,271,7.9 %,11.0 %,0.144,0.303,0.285,0.342,0.43,0.343,113,11.6,206,27.3,66.5,1014396,N
Jack Clark,1975,1992,1994,8230,340,1118,1180,77,15.3 %,17.5 %,0.209,0.289,0.267,0.379,0.476,0.377,138,-10,349.1,-135.7,50.6,1002288,N
Dave Collins,1975,1990,1701,5507,32,667,373,395,8.5 %,12.0 %,0.079,0.307,0.272,0.338,0.351,0.315,95,24.5,-6.8,-38.5,13.8,1002449,N
Dan Ford,1975,1985,1153,4582,121,598,566,61,6.6 %,15.8 %,0.157,0.298,0.27,0.324,0.427,0.336,109,-1.7,42.1,-95.9,10.3,1004216,N
Chet Lemon,1975,1990,1988,7874,215,973,884,58,9.5 %,13.0 %,0.169,0.292,0.273,0.355,0.442,0.356,122,-18.6,182.4,63.3,52,1007518,N
Willie Randolph,1975,1992,2202,9461,54,1239,687,271,13.1 %,7.1 %,0.076,0.293,0.276,0.373,0.351,0.335,109,16.2,123.2,168.2,62,1010694,N
Jerry Remy,1975,1983,1154,4963,7,605,329,208,7.2 %,8.1 %,0.053,0.299,0.275,0.327,0.328,0.301,83,3.5,-91.6,37.2,11,1010828,N
Ellis Valentine,1975,1983,894,3392,123,380,474,59,5.3 %,13.6 %,0.179,0.29,0.278,0.315,0.458,0.342,113,-2.4,48.3,2.9,16.8,1013326,N
Tony Armas,1976,1989,1432,5502,251,614,815,18,4.7 %,21.8 %,0.2,0.279,0.252,0.287,0.453,0.324,100,-4.5,-4.8,-15.3,16.5,1000305,N
Rich Dauer,1976,1985,1140,4218,43,448,372,6,7.0 %,5.2 %,0.086,0.261,0.257,0.31,0.343,0.297,85,-3.3,-78.7,68.1,13,1003006,N
Andre Dawson,1976,1996,2627,10768,438,1373,1591,314,5.5 %,14.0 %,0.203,0.288,0.279,0.323,0.482,0.35,117,18.8,230.5,-11.8,59.5,1003091,N
Wayne Gross,1976,1986,1106,3680,121,373,396,24,13.1 %,13.5 %,0.162,0.239,0.233,0.337,0.395,0.33,107,-3.5,26.8,-12.9,14,1005091,N
Ruppert Jones,1976,1987,1331,5041,147,643,579,143,10.6 %,16.2 %,0.166,0.274,0.25,0.33,0.416,0.332,106,-4.1,31.6,2.6,20.7,1006588,N
Dale Murphy,1976,1993,2180,9041,398,1197,1266,161,10.9 %,19.3 %,0.204,0.292,0.265,0.346,0.469,0.357,119,3.9,206.3,-76.2,44.3,1009355,N
Gary Roenicke,1976,1988,1064,3204,121,367,410,16,12.7 %,13.4 %,0.187,0.251,0.247,0.351,0.434,0.352,119,-4.9,69.1,0.6,17.9,1011120,N
Jason Thompson,1976,1985,1418,5686,208,640,782,8,14.4 %,15.2 %,0.177,0.276,0.261,0.366,0.438,0.359,123,-0.9,148.3,-76.9,27.1,1013014,N
Ernie Whitt,1976,1991,1328,4271,134,447,534,22,10.2 %,11.5 %,0.161,0.252,0.249,0.324,0.41,0.326,98,-6.9,-16.2,82.3,21.4,1013912,N
Willie Wilson,1976,1994,2154,8317,41,1168,585,668,5.1 %,13.8 %,0.09,0.329,0.285,0.326,0.376,0.315,94,79.3,15.6,80.5,37.8,1014113,N
Butch Wynegar,1976,1987,1301,5067,65,498,506,10,12.4 %,8.4 %,0.093,0.268,0.255,0.348,0.347,0.32,96,-3,-25.8,123.1,27.3,1014308,N
Steve Kemp,1977,1986,1168,4714,130,581,634,39,12.2 %,12.8 %,0.153,0.296,0.278,0.367,0.431,0.358,121,-1.1,113.9,-84.5,19.3,1006827,N
Rance Mulliniks,1977,1992,1325,4089,73,445,435,15,11.2 %,13.6 %,0.134,0.302,0.272,0.354,0.407,0.341,109,-2.5,42,-14.5,16.7,1009309,N
Ken Oberkfell,1977,1992,1602,5528,29,558,446,62,9.9 %,6.4 %,0.085,0.292,0.278,0.351,0.362,0.321,98,-7.1,-19.9,32.1,20,1009677,N
Lance Parrish,1977,1995,1988,7797,324,856,1070,28,7.8 %,19.6 %,0.188,0.276,0.252,0.313,0.44,0.332,105,-10.2,34.9,128.5,43.4,1010021,N
Terry Puhl,1977,1991,1531,5480,62,676,435,217,9.2 %,9.3 %,0.108,0.301,0.28,0.349,0.388,0.332,113,4.2,86.9,-9.9,26.7,1010562,N
Gene Richards,1977,1983,1026,3958,26,502,255,247,9.0 %,11.0 %,0.093,0.323,0.29,0.357,0.383,0.334,113,15.1,72.8,-35.4,17.5,1010907,N
Alan Trammell,1977,1996,2293,9376,185,1231,1003,236,9.1 %,9.3 %,0.13,0.298,0.285,0.352,0.415,0.343,111,2.3,124.1,184.4,63.7,1013157,N
Lou Whitaker,1977,1995,2390,9967,244,1386,1084,143,12.0 %,11.0 %,0.15,0.29,0.276,0.363,0.426,0.353,118,-2.7,204.8,127.1,68.1,1013846,N
Bump Wills,1977,1981,831,3440,36,472,302,196,9.0 %,12.8 %,0.094,0.299,0.266,0.335,0.36,0.316,95,14.4,-5.7,32.8,14.5,1014049,N
Pedro Guerrero,1978,1992,1536,6115,215,730,898,97,10.0 %,14.1 %,0.18,0.32,0.3,0.37,0.48,0.371,138,-0.8,261.5,-116.3,36.5,1005120,N
Ron Hassey,1978,1991,1192,3906,71,348,438,14,9.9 %,9.7 %,0.116,0.278,0.266,0.34,0.382,0.325,101,-1.9,4.7,29.7,16.9,1005479,N
Mike Heath,1978,1991,1325,4586,86,462,469,54,6.1 %,13.4 %,0.115,0.275,0.252,0.3,0.367,0.298,86,-5.9,-80,44.8,11.8,1005564,N
Bob Horner,1978,1988,1020,4213,218,560,684,14,8.8 %,12.2 %,0.222,0.268,0.277,0.34,0.499,0.367,126,-4.6,119,-73.2,19.5,1006026,N
Glenn Hubbard,1978,1989,1354,5122,70,545,448,35,10.5 %,12.5 %,0.105,0.269,0.244,0.328,0.349,0.307,85,-7.7,-94.3,71.2,14.9,1006120,N
Terry Kennedy,1978,1991,1491,5421,113,474,628,6,6.7 %,15.8 %,0.122,0.296,0.264,0.314,0.386,0.308,94,-5.7,-43.5,96.6,24.1,1006850,N
Paul Molitor,1978,1998,2683,12167,234,1782,1307,504,9.0 %,10.2 %,0.142,0.326,0.306,0.369,0.448,0.361,122,46.6,366.1,-114.4,67.7,1009040,N
Dwayne Murphy,1978,1989,1360,5242,166,648,609,100,14.3 %,18.2 %,0.156,0.276,0.246,0.356,0.402,0.343,116,-4.9,94.1,46.2,32.3,1009359,N
Lonnie Smith,1978,1994,1613,5952,98,909,533,370,10.5 %,14.3 %,0.132,0.326,0.288,0.371,0.42,0.357,123,17.7,169,-31.1,35,1012176,N
Willie Upshaw,1978,1988,1264,4736,123,596,528,88,9.5 %,13.6 %,0.157,0.283,0.262,0.335,0.419,0.334,103,-6.9,11.3,-44.2,12.5,1013293,N
Tim Raines,1979,2002,2502,10359,170,1571,980,807,12.8 %,9.3 %,0.131,0.312,0.294,0.385,0.425,0.361,125,100.4,408.2,-109.6,66.4,1406,N
John Castino,1979,1983,666,2578,41,293,249,22,6.9 %,11.6 %,0.119,0.303,0.278,0.329,0.398,0.327,97,-3,-11.6,52.7,12.8,1002062,N
Kirk Gibson,1979,1995,1635,6656,255,985,870,284,10.8 %,19.3 %,0.195,0.301,0.268,0.352,0.463,0.358,123,24.1,205.6,-77.7,35.9,1004669,N
Brian Harper,1979,1995,1001,3386,63,339,428,8,3.9 %,5.6 %,0.123,0.295,0.295,0.329,0.419,0.331,101,-5.8,-2.7,12.3,12.6,1005376,N
Dickie Thon,1979,1993,1387,4871,71,496,435,167,7.1 %,13.5 %,0.11,0.294,0.264,0.317,0.374,0.308,94,7.5,-28.2,62.3,20.3,1013033,N
Wally Backman,1980,1993,1102,3708,10,482,240,117,10.0 %,12.9 %,0.063,0.318,0.275,0.349,0.339,0.316,100,1.6,-2.4,-11.5,11.5,1000400,N
Harold Baines,1980,2001,2830,11092,384,1299,1628,34,9.6 %,13.0 %,0.175,0.303,0.289,0.356,0.465,0.358,119,-8.8,243.5,-235.7,38.5,1000434,N
Hubie Brooks,1980,1993,1645,6476,149,656,824,64,6.0 %,15.5 %,0.134,0.299,0.269,0.315,0.403,0.317,99,-10.5,-19.1,-62.5,13.8,1001472,N
Mike Davis,1980,1989,963,3298,91,419,371,134,7.2 %,16.3 %,0.155,0.286,0.259,0.313,0.415,0.321,102,3.7,15,0.5,12.5,1003070,N
Leon Durham,1980,1989,1067,4067,147,522,530,106,10.9 %,16.7 %,0.199,0.303,0.277,0.356,0.475,0.361,121,-3.3,95.7,-80.6,15.6,1003592,N
Rich Gedman,1980,1992,1033,3468,88,331,382,3,6.8 %,14.7 %,0.147,0.273,0.252,0.304,0.399,0.309,87,-1.7,-54.5,57.7,12.1,1004592,N
Eddie Milner,1980,1988,804,2718,42,376,195,145,10.5 %,10.3 %,0.122,0.271,0.253,0.333,0.376,0.32,97,-0.3,-10.2,36.5,11.8,1008964,N
Lloyd Moseby,1980,1991,1588,6574,169,869,737,280,9.4 %,17.3 %,0.157,0.291,0.257,0.332,0.414,0.332,103,18.1,41.8,-3.6,26,1009238,N
Mike Scioscia,1980,1992,1441,5057,68,398,446,29,11.2 %,6.1 %,0.097,0.263,0.259,0.344,0.356,0.314,100,-5.1,-6.2,115,28.5,1011667,N
Jesse Barfield,1981,1992,1428,5394,241,715,716,66,10.2 %,22.9 %,0.21,0.295,0.256,0.335,0.466,0.353,117,-6.9,101,104.3,39,1000537,N
George Bell,1981,1993,1587,6592,265,814,1002,67,5.0 %,11.7 %,0.191,0.278,0.278,0.316,0.469,0.343,111,-2.4,85.2,-103.5,20.3,1000808,N
Brett Butler,1981,1997,2213,9545,54,1359,578,558,11.8 %,9.5 %,0.086,0.319,0.29,0.377,0.376,0.344,115,6.1,169.7,-76.5,42.2,1001772,N
Jody Davis,1981,1990,1082,3984,127,364,490,7,8.4 %,17.9 %,0.158,0.269,0.245,0.307,0.403,0.313,89,-5.7,-56.2,97.4,17.6,1003060,N
Scott Fletcher,1981,1995,1612,5976,34,688,510,99,8.6 %,9.1 %,0.08,0.284,0.262,0.332,0.342,0.308,87,-5.3,-100.6,149.4,24.9,1004155,N
Gary Gaetti,1981,2000,2507,9817,360,1130,1341,96,6.5 %,16.3 %,0.179,0.271,0.255,0.308,0.434,0.325,95,-8.9,-68.1,135.9,39,1004422,N
Von Hayes,1981,1992,1495,6052,143,767,696,253,11.8 %,13.3 %,0.149,0.289,0.267,0.354,0.416,0.343,113,10.6,100.9,-28,28,1005531,N
Dave Henderson,1981,1994,1538,5677,197,710,708,50,8.2 %,19.5 %,0.178,0.291,0.258,0.32,0.436,0.336,109,-6.2,49.6,18,26.3,1005630,N
Kent Hrbek,1981,1994,1747,7137,293,903,1086,37,11.7 %,11.2 %,0.198,0.282,0.282,0.367,0.481,0.371,126,-4.6,217,-87.1,37.6,1006117,N
Johnny Ray,1981,1989,1353,5664,53,604,594,80,6.2 %,5.8 %,0.101,0.298,0.29,0.333,0.391,0.322,100,-5.1,-2.6,46.3,24,1010727,N
Ryne Sandberg,1981,1997,2164,9282,282,1318,1061,344,8.2 %,13.6 %,0.167,0.304,0.285,0.344,0.452,0.351,115,23.9,178.6,103.9,60.9,1011411,N
Steve Sax,1981,1994,1769,7632,54,913,550,444,7.3 %,7.7 %,0.077,0.299,0.281,0.335,0.358,0.313,97,16.5,-10,-23.8,22.6,1011481,N
Julio Franco,1982,2008,2527,9731,173,1285,1194,281,9.4 %,13.8 %,0.119,0.333,0.298,0.365,0.417,0.348,112,2.1,146.2,-60.6,42,87,N
Greg Brock,1982,1991,1013,3695,110,420,462,41,11.7 %,12.7 %,0.151,0.258,0.248,0.338,0.399,0.327,104,-0.3,19.4,-31.4,11.1,1001455,N
Bill Doran,1982,1993,1453,5922,84,727,497,209,12.0 %,10.1 %,0.107,0.286,0.266,0.354,0.373,0.329,109,2.8,68.4,24.9,29.9,1003406,N
Tony Gwynn,1982,2001,2440,10232,135,1383,1138,319,7.7 %,4.2 %,0.12,0.341,0.338,0.388,0.459,0.37,132,11.3,401.5,-92.2,65,1005166,N
Howard Johnson,1982,1995,1531,5715,228,760,760,231,12.1 %,18.4 %,0.197,0.269,0.249,0.34,0.446,0.344,117,14,122.3,-89.4,23.5,1006462,N
Willie McGee,1982,1999,2201,8188,79,1010,856,352,5.5 %,15.1 %,0.101,0.341,0.295,0.333,0.396,0.323,101,20.1,20.5,-25.1,27.6,1008513,N
Pete O'Brien,1982,1992,1567,6168,169,654,736,24,10.4 %,9.1 %,0.148,0.262,0.261,0.336,0.409,0.33,103,-10.5,9.8,-24.7,18.9,1009700,N
Tony Phillips,1982,1999,2161,9110,160,1300,819,177,14.5 %,16.5 %,0.123,0.309,0.266,0.374,0.389,0.347,112,-13.1,125,32.7,46.6,1010300,N
Don Slaught,1982,1997,1327,4503,77,415,476,18,6.9 %,12.4 %,0.128,0.31,0.283,0.338,0.412,0.333,104,-3.3,17.5,34.6,21.1,1012059,N
Glenn Wilson,1982,1990,1201,4468,98,451,521,27,5.7 %,15.0 %,0.134,0.292,0.265,0.306,0.398,0.312,93,-5.8,-43.7,26,13.1,1014081,N
Sid Bream,1983,1994,1088,3531,90,351,455,50,10.0 %,12.7 %,0.156,0.28,0.264,0.336,0.42,0.333,107,-7,21.9,-8.2,13.3,1001373,N
Greg Gagne,1983,1997,1798,6209,111,712,604,108,5.9 %,18.1 %,0.129,0.297,0.254,0.302,0.382,0.304,83,-19,-150.5,174.1,22.8,1004427,N
Kevin McReynolds,1983,1994,1502,6039,211,727,807,93,8.6 %,11.7 %,0.182,0.269,0.265,0.328,0.447,0.34,115,4.5,106.4,-38.8,27.6,1008690,N
Jose Oquendo,1983,1995,1190,3737,14,339,254,35,12.0 %,10.1 %,0.061,0.284,0.256,0.346,0.317,0.303,88,-7.5,-61.4,82.2,14.7,1009827,N
Randy Ready,1983,1995,777,2488,40,312,239,27,13.1 %,11.1 %,0.127,0.28,0.259,0.359,0.387,0.338,112,-1.6,33.2,-13.9,10.4,1010738,N
Harold Reynolds,1983,1993,1374,5398,21,640,353,250,8.9 %,7.7 %,0.083,0.277,0.258,0.327,0.341,0.305,85,-6.6,-106,50.3,12.5,1010870,N
Dick Schofield,1983,1996,1368,4928,56,505,353,120,9.1 %,13.9 %,0.086,0.26,0.23,0.308,0.316,0.287,76,6.1,-135.6,109.3,13.8,1011602,N
Tim Teufel,1983,1993,1073,3563,86,415,379,23,10.9 %,14.9 %,0.15,0.279,0.254,0.336,0.404,0.331,106,-3.8,22.8,3.5,14.7,1012940,N
Alvin Davis,1984,1991,1206,5010,160,568,683,7,13.7 %,11.1 %,0.17,0.288,0.28,0.38,0.45,0.366,125,-6.8,142.4,-104.8,21.1,1003033,N
Eric Davis,1984,2001,1626,6147,282,938,934,349,12.0 %,22.7 %,0.214,0.311,0.269,0.359,0.482,0.368,126,41.1,234.5,-96.2,34.9,1003048,N
Glenn Davis,1984,1993,1015,4189,190,510,603,28,8.8 %,14.6 %,0.208,0.262,0.259,0.332,0.467,0.348,122,0,103.2,-65.3,18.3,1003052,N
Kevin Mitchell,1984,1998,1223,4696,234,630,760,30,10.5 %,15.3 %,0.236,0.291,0.284,0.36,0.52,0.38,140,-7.5,213.5,-82.6,29.6,1009004,N
Terry Pendleton,1984,1998,1893,7637,140,851,946,127,6.4 %,12.8 %,0.121,0.294,0.27,0.316,0.391,0.312,91,-0.1,-86.6,110.2,28.2,1010157,N
Kirby Puckett,1984,1995,1783,7831,207,1071,1085,134,5.7 %,12.3 %,0.159,0.342,0.318,0.36,0.477,0.366,122,-5.7,204.9,-28.4,44.9,1010557,N
Danny Tartabull,1984,1996,1406,5842,262,756,925,37,13.1 %,23.3 %,0.223,0.322,0.273,0.368,0.496,0.379,133,-6.2,223,-202.8,22.6,1012829,N
Mickey Tettleton,1984,1997,1485,5745,245,711,732,23,16.5 %,22.8 %,0.208,0.278,0.241,0.369,0.449,0.363,122,-8.3,139.7,-56.4,28.5,1012939,N
Dave Valle,1984,1995,970,3147,77,314,350,5,8.2 %,13.1 %,0.135,0.252,0.237,0.314,0.373,0.311,88,-2.5,-48.8,58.3,11.5,1013333,N
Andres Galarraga,1985,2004,2257,8916,399,1195,1425,128,6.5 %,22.5 %,0.211,0.336,0.288,0.347,0.499,0.365,118,-17.7,177.1,-153.1,31.4,1390,N
Jose Canseco,1985,2001,1887,8129,462,1186,1407,200,11.1 %,23.9 %,0.249,0.299,0.266,0.353,0.515,0.375,130,2.7,303.5,-165.4,42.1,1001918,N
Vince Coleman,1985,1997,1371,5970,28,849,346,752,8.0 %,16.1 %,0.081,0.314,0.264,0.324,0.345,0.303,86,77.3,-22.6,-63.5,11.6,1002433,N
Lenny Dykstra,1985,1996,1278,5282,81,802,404,285,12.1 %,9.5 %,0.134,0.304,0.285,0.375,0.419,0.355,122,26.5,163.8,55,40.3,1003619,N
Mike Greenwell,1985,1996,1269,5166,130,657,726,80,8.9 %,7.0 %,0.16,0.305,0.303,0.368,0.463,0.364,120,-2.9,117.9,-38.9,25.7,1005006,N
Darrin Jackson,1985,1998,960,2816,80,311,317,43,4.7 %,17.0 %,0.146,0.286,0.257,0.293,0.403,0.307,86,1.5,-45.5,73.5,12.1,1006296,N
Dan Pasqua,1985,1994,905,3000,117,341,390,7,11.2 %,21.4 %,0.195,0.277,0.244,0.33,0.438,0.34,111,-3.4,36.4,-20.7,11.7,1010044,N
Devon White,1985,2001,1941,8080,208,1125,846,346,6.7 %,18.9 %,0.156,0.305,0.263,0.319,0.419,0.326,98,27.3,4.2,150.6,41.8,1013862,N
Jay Bell,1986,2003,2063,8525,195,1123,860,91,10.0 %,16.9 %,0.15,0.304,0.265,0.343,0.416,0.337,103,-7.3,23.7,74.5,37.9,48,N
Fred McGriff,1986,2004,2460,10174,493,1349,1550,72,12.8 %,18.5 %,0.225,0.309,0.284,0.377,0.509,0.383,134,-8.6,409.1,-186.3,56.9,293,N
Barry Larkin,1986,2004,2180,9057,198,1329,960,379,10.4 %,9.0 %,0.15,0.306,0.295,0.371,0.444,0.36,118,43.4,240.8,132.5,67,335,N
Mark McLemore,1986,2004,1832,7239,53,943,614,272,12.1 %,13.6 %,0.082,0.297,0.259,0.349,0.341,0.315,86,4.5,-120.6,49.9,17.4,1088,N
Benito Santiago,1986,2005,1978,7516,217,755,920,91,5.7 %,16.9 %,0.152,0.291,0.263,0.307,0.415,0.315,91,-16.6,-100.5,139.2,28.7,1130,N
Rafael Palmeiro,1986,2005,2831,12046,569,1663,1835,97,11.2 %,11.2 %,0.226,0.283,0.288,0.371,0.515,0.38,130,-11.2,442.8,-145.4,70,1266,N
Bobby Bonilla,1986,2001,2113,8257,287,1084,1173,45,11.0 %,14.6 %,0.193,0.296,0.279,0.358,0.472,0.36,123,-16,204.9,-161.8,32.7,1001168,N
Jerry Browne,1986,1995,982,3707,23,431,288,73,10.6 %,8.8 %,0.08,0.293,0.271,0.351,0.351,0.321,97,-4.8,-19.7,-2.4,10.3,1001525,N
Wally Joyner,1986,2001,2033,8115,204,973,1106,60,10.3 %,10.2 %,0.151,0.3,0.289,0.362,0.44,0.352,116,-5.8,154.9,-60.9,36.2,1006637,N
Ron Karkovice,1986,1997,939,2948,96,336,335,24,7.9 %,25.4 %,0.162,0.269,0.221,0.289,0.383,0.299,81,-1.4,-73.4,109.3,13.7,1006700,N
John Kruk,1986,1995,1200,4603,100,582,592,58,14.1 %,15.2 %,0.145,0.341,0.3,0.397,0.446,0.373,134,-2.3,178.1,-69.2,27,1007184,N
Dave Magadan,1986,2001,1582,4963,42,516,495,11,14.5 %,11.0 %,0.089,0.319,0.288,0.39,0.377,0.349,117,-3.7,97,-9.4,25.6,1007961,N
Terry Steinbach,1986,1999,1546,5905,162,638,745,23,7.1 %,15.9 %,0.149,0.299,0.271,0.326,0.42,0.329,101,-5.7,-0.7,80.3,28,1012473,N
Robby Thompson,1986,1996,1304,5235,119,671,458,103,8.4 %,18.9 %,0.146,0.303,0.257,0.329,0.403,0.33,108,-5.7,41.6,60.2,28.3,1013023,N
Matt Williams,1987,2003,1866,7595,378,997,1218,53,6.2 %,17.9 %,0.22,0.282,0.268,0.317,0.489,0.345,110,-6.6,88.6,109.9,44.8,77,N
B.J. Surhoff,1987,2005,2313,9106,188,1062,1153,141,7.0 %,9.2 %,0.132,0.291,0.282,0.332,0.413,0.326,96,-8.2,-48.1,59.1,31.4,117,N
Ellis Burks,1987,2004,2000,8177,352,1253,1206,181,9.7 %,16.4 %,0.219,0.313,0.291,0.363,0.51,0.379,125,1,262.1,-79.2,44.7,372,N
Ron Gant,1987,2003,1832,7320,321,1080,1008,243,10.5 %,19.3 %,0.212,0.279,0.256,0.336,0.468,0.351,112,5.9,115.4,-30.9,32.7,1032,N
Edgar Martinez,1987,2004,2055,8678,309,1219,1262,49,14.8 %,13.9 %,0.204,0.335,0.312,0.418,0.515,0.405,147,-21,500.5,-133.5,65.5,1086,N
Jeff Blauser,1987,1999,1407,5271,122,691,513,65,10.8 %,17.8 %,0.144,0.304,0.262,0.354,0.406,0.342,106,-4.5,31.9,-11.5,19.7,1001062,N
Mike Devereaux,1987,1998,1086,4102,105,491,480,86,7.2 %,15.5 %,0.147,0.278,0.254,0.308,0.401,0.316,93,-5.9,-47.3,36.5,13,1003242,N
Gregg Jefferies,1987,2000,1465,6072,126,761,663,196,7.8 %,5.7 %,0.133,0.288,0.289,0.344,0.421,0.338,107,12.1,57.4,-62.6,20.2,1006379,N
Lance Johnson,1987,2000,1447,5800,34,767,486,327,6.1 %,6.6 %,0.095,0.307,0.291,0.334,0.386,0.32,94,21.2,-18.3,97,26.4,1006482,N
Roberto Kelly,1987,2000,1337,5243,124,687,585,235,6.0 %,16.4 %,0.14,0.329,0.29,0.337,0.43,0.34,106,11.6,49.4,-48.4,18.1,1006815,N
Tom Pagnozzi,1987,1998,927,3142,44,247,320,18,6.0 %,14.3 %,0.106,0.284,0.253,0.299,0.359,0.291,77,-5.2,-90.8,94,10.6,1009960,N
Jody Reed,1987,1997,1284,5248,27,566,392,40,10.3 %,7.8 %,0.08,0.29,0.27,0.349,0.35,0.32,94,-11.4,-53.5,24.9,15,1010771,N
Mark Grace,1988,2003,2245,9290,173,1179,1146,70,11.6 %,6.9 %,0.139,0.309,0.303,0.383,0.442,0.364,120,-12.5,214.4,-62.7,45.5,56,N
Gary Sheffield,1988,2009,2576,10947,509,1636,1676,253,13.5 %,10.7 %,0.222,0.285,0.292,0.393,0.514,0.391,141,9.7,575.7,-300.9,62.1,114,N
Brady Anderson,1988,2002,1834,7737,210,1062,761,315,12.4 %,15.4 %,0.17,0.282,0.256,0.362,0.425,0.35,111,19.7,130.6,-58.6,32.6,364,N
Craig Biggio,1988,2007,2850,12504,291,1844,1175,414,9.3 %,14.0 %,0.152,0.311,0.281,0.363,0.433,0.352,115,38.3,276.9,-23,65.8,549,N
Charlie Hayes,1988,2001,1547,5766,144,580,740,47,7.3 %,15.9 %,0.136,0.291,0.262,0.316,0.398,0.316,88,-4,-89.8,19.7,12.2,1005525,N
Chris Sabo,1988,1996,911,3714,116,494,426,120,7.4 %,12.4 %,0.178,0.279,0.268,0.326,0.445,0.341,110,4.1,47.1,-4.1,17.3,1011357,N
Steve Finley,1989,2007,2583,10460,304,1443,1167,320,8.1 %,12.4 %,0.171,0.285,0.271,0.332,0.442,0.336,104,26.9,76.1,-8,40.4,54,N
Sammy Sosa,1989,2007,2354,9896,609,1475,1667,234,9.4 %,23.3 %,0.261,0.301,0.273,0.344,0.534,0.37,124,-7.9,300.4,-8.1,60.1,302,N
Omar Vizquel,1989,2012,2968,12013,80,1445,951,404,8.6 %,9.0 %,0.08,0.294,0.272,0.336,0.352,0.31,83,14.4,-234.2,263.8,42.6,411,N
Todd Zeile,1989,2004,2158,8649,253,986,1110,53,10.9 %,14.8 %,0.159,0.286,0.265,0.346,0.423,0.339,104,-17.9,28.5,-94.4,21.9,457,N
Marquis Grissom,1989,2005,2165,8959,227,1187,967,429,6.2 %,13.8 %,0.142,0.295,0.272,0.318,0.415,0.32,93,36.2,-53.1,18.8,26.4,652,N
Greg Vaughn,1989,2003,1731,7070,355,1017,1072,121,12.2 %,21.4 %,0.229,0.261,0.242,0.337,0.47,0.35,111,0.3,101.2,-75.7,25.5,1233,N
Juan Gonzalez,1989,2005,1689,7155,434,1061,1404,26,6.4 %,17.8 %,0.265,0.305,0.295,0.343,0.561,0.383,129,-7.5,256.8,-138.5,35.8,1251,N
Darrin Fletcher,1989,2001,1245,4271,124,377,583,2,6.0 %,9.3 %,0.154,0.269,0.269,0.318,0.423,0.321,90,-2.4,-52.7,38.8,12.5,1302,N
Albert Belle,1989,2000,1539,6676,381,974,1239,88,10.2 %,14.4 %,0.269,0.293,0.295,0.369,0.564,0.396,139,-0.3,339.6,-145.5,41,1000802,N
Chris Hoiles,1989,1998,894,3339,151,415,449,5,13.0 %,18.4 %,0.205,0.283,0.262,0.366,0.467,0.368,122,-2.1,89.2,46.8,24.8,1005935,N
Jeff King,1989,1999,1201,4812,154,600,709,75,9.2 %,12.1 %,0.169,0.261,0.256,0.324,0.425,0.329,98,1.4,-10.5,21.8,17,1006931,N
Luis Gonzalez,1990,2008,2591,10531,354,1412,1439,128,11.0 %,11.6 %,0.196,0.291,0.283,0.367,0.479,0.364,118,-19.4,229,-13.8,55.2,55,N
Mike Bordick,1990,2003,1720,6484,91,676,626,96,7.7 %,12.3 %,0.102,0.286,0.26,0.323,0.362,0.307,84,-9.4,-141.2,139.7,21.8,129,N
David Segui,1990,2003,1456,5451,139,683,684,17,9.6 %,12.6 %,0.151,0.313,0.291,0.359,0.443,0.35,110,-7.5,65.4,-125,11.7,169,N
Carlos Baerga,1990,2005,1630,5895,134,731,774,59,4.9 %,9.8 %,0.131,0.302,0.291,0.332,0.423,0.331,99,-2.8,-13,-28,15.7,175,N
Jose Offerman,1990,2009,1651,6582,57,840,537,172,11.7 %,13.9 %,0.1,0.315,0.273,0.36,0.373,0.33,97,-7.8,-28.1,-56.4,13.9,205,N
Moises Alou,1990,2008,1942,7913,332,1109,1287,106,9.3 %,11.3 %,0.212,0.306,0.303,0.369,0.516,0.378,129,-11.9,280,-51.5,47.7,261,N
Delino DeShields,1990,2002,1615,6652,80,872,561,463,11.3 %,16.0 %,0.109,0.314,0.268,0.352,0.377,0.329,101,32.3,35.5,-17.7,24,275,N
Travis Fryman,1990,2002,1698,7217,223,895,1022,72,8.3 %,19.0 %,0.169,0.313,0.274,0.336,0.443,0.342,103,-3.1,22.2,38,30.4,385,N
Ray Lankford,1990,2004,1701,6675,238,968,874,258,12.4 %,23.2 %,0.205,0.33,0.272,0.364,0.477,0.365,123,-0.2,189.8,-5,39.8,1044,N
Dave Hollins,1990,2002,983,3911,112,578,482,47,11.9 %,17.6 %,0.16,0.294,0.26,0.358,0.42,0.348,110,-2.1,39.5,-35.9,14.2,1391,N
Orlando Merced,1990,2003,1391,4532,103,564,585,57,10.7 %,14.6 %,0.149,0.308,0.277,0.355,0.426,0.343,107,1.7,38.9,-17.4,17.1,1393,N
Leo Gomez,1990,1995,611,2240,79,241,259,4,11.4 %,17.8 %,0.174,0.265,0.243,0.336,0.417,0.337,104,-3.7,8.2,24.1,10.6,1004822,N
Tim Naehring,1990,1997,547,2162,49,254,250,5,10.9 %,14.4 %,0.138,0.314,0.282,0.365,0.42,0.35,104,-2.4,11.4,34.9,11.8,1009433,N
Rey Sanchez,1991,2005,1490,5246,15,549,389,55,4.4 %,9.7 %,0.062,0.299,0.272,0.308,0.334,0.286,66,-1.2,-229.1,197,14.6,213,N
Chuck Knoblauch,1991,2002,1632,7387,98,1132,615,407,10.9 %,9.9 %,0.117,0.311,0.289,0.378,0.406,0.352,109,31.4,124.9,29.3,39.8,609,N
Eric Karros,1991,2004,1755,7100,284,797,1027,59,7.8 %,16.4 %,0.186,0.284,0.268,0.325,0.454,0.338,108,-8,61.9,-110.6,17.8,659,N
Mo Vaughn,1991,2003,1512,6410,328,861,1064,30,11.3 %,22.3 %,0.23,0.338,0.293,0.383,0.523,0.387,129,-7.2,238.9,-136.5,31.1,899,N
Reggie Sanders,1991,2007,1777,7043,305,1037,983,304,9.6 %,22.9 %,0.22,0.312,0.267,0.343,0.487,0.357,115,17.7,155,15.1,39.7,1129,N
Ivan Rodriguez,1991,2011,2543,10270,311,1354,1332,127,5.0 %,14.4 %,0.168,0.321,0.296,0.334,0.464,0.344,104,-24.9,37,317.1,68.9,1275,N
Tim Salmon,1992,2006,1672,7039,299,986,1016,48,13.8 %,19.3 %,0.216,0.317,0.282,0.385,0.498,0.383,130,-8.5,262.7,-139.9,35.4,32,N
Jose Valentin,1992,2008,1678,6317,249,872,816,136,10.0 %,20.5 %,0.204,0.272,0.243,0.321,0.448,0.33,94,9,-37.7,132.8,30.3,256,N
Damion Easley,1992,2007,1706,6211,163,735,684,114,8.2 %,15.1 %,0.151,0.276,0.253,0.329,0.404,0.324,92,0.3,-64.2,29.3,17.4,464,N
Brian Jordan,1992,2006,1456,5646,184,755,821,119,6.3 %,14.9 %,0.173,0.303,0.282,0.333,0.455,0.341,105,7.4,41.8,94.5,31.7,658,N
Mike Piazza,1992,2007,1912,7745,427,1048,1335,17,9.8 %,14.4 %,0.237,0.314,0.308,0.377,0.545,0.39,140,-31.6,370.1,32.7,63.7,893,N
Ryan Klesko,1992,2007,1736,6523,278,874,987,91,12.5 %,16.5 %,0.222,0.298,0.279,0.37,0.5,0.372,127,6.5,234.7,-135.6,30.1,1041,N
J.T. Snow,1992,2008,1716,6553,189,798,877,20,11.6 %,17.4 %,0.159,0.302,0.268,0.357,0.427,0.344,106,-8.3,39.8,-124.7,12.9,1133,N
John Valentin,1992,2002,1105,4511,124,614,558,47,10.3 %,11.6 %,0.175,0.293,0.279,0.36,0.454,0.358,110,-2.8,56.1,107.1,31.4,1375,N
Chad Curtis,1992,2001,1204,4650,101,648,461,212,11.0 %,14.5 %,0.132,0.292,0.264,0.349,0.396,0.334,98,0.6,-14.4,-27.4,11.5,1002898,N
John Jaha,1992,2000,826,3285,141,470,490,36,13.1 %,20.9 %,0.201,0.299,0.263,0.369,0.465,0.367,116,-0.2,73.6,-66.5,11.4,1006336,N
Manny Ramirez,1993,2014,2302,9774,555,1544,1831,38,13.6 %,18.5 %,0.273,0.338,0.312,0.411,0.585,0.418,153,-35,624.8,-276.6,66.4,210,N
Cliff Floyd,1993,2009,1621,6063,233,824,865,148,9.9 %,17.5 %,0.204,0.306,0.278,0.358,0.482,0.36,118,18.3,156.9,-103.4,24.7,518,N
Shawn Green,1993,2007,1951,7963,328,1129,1070,162,9.3 %,16.5 %,0.212,0.305,0.283,0.355,0.494,0.364,118,-5.3,184.5,-144.8,29.9,651,N
Rondell White,1993,2007,1474,5852,198,756,768,94,6.2 %,15.8 %,0.179,0.309,0.284,0.336,0.462,0.346,107,-2.4,53.5,-3.3,23.8,856,N
Jeromy Burnitz,1993,2005,1694,6580,315,917,981,74,11.2 %,20.9 %,0.228,0.279,0.253,0.345,0.481,0.354,110,-1.7,82.7,-44.3,25.1,867,N
Fernando Vina,1993,2004,1148,4742,40,627,343,116,6.1 %,6.2 %,0.097,0.294,0.282,0.348,0.379,0.326,92,-8.2,-55.2,23.4,12.4,1189,N
Carl Everett,1993,2006,1405,5395,202,707,792,107,8.2 %,18.9 %,0.19,0.304,0.271,0.341,0.462,0.346,107,-5.3,48.5,-46.8,17.5,1249,N
Carlos Delgado,1993,2010,2035,8657,473,1241,1512,14,12.8 %,20.2 %,0.266,0.303,0.28,0.383,0.546,0.391,135,-22.8,368.6,-209.1,44.2,1297,N
Garret Anderson,1994,2010,2228,9177,287,1084,1365,80,4.7 %,13.3 %,0.168,0.311,0.293,0.324,0.461,0.334,100,-7.2,-12.6,-59.6,24,2,N
Alex Gonzalez,1994,2007,1396,5528,137,623,536,97,7.1 %,21.1 %,0.148,0.289,0.243,0.302,0.391,0.304,78,-9.2,-166.3,90.4,11.3,281,N
Charles Johnson,1994,2005,1188,4386,167,465,570,6,10.8 %,22.7 %,0.188,0.286,0.245,0.33,0.433,0.332,97,-8.1,-25.6,145.3,25.7,523,N
Mike Lieberthal,1994,2006,1212,4695,150,534,610,8,7.1 %,12.2 %,0.172,0.284,0.274,0.337,0.446,0.339,100,-18.2,-15,67.8,20,959,N
Rusty Greer,1994,2002,1027,4424,119,643,615,31,11.7 %,12.5 %,0.174,0.327,0.305,0.387,0.478,0.378,120,-0.8,117.8,-82.4,18.2,1252,N
Tony Clark,1995,2009,1559,5120,251,629,824,6,10.3 %,23.6 %,0.222,0.301,0.262,0.339,0.485,0.352,109,-15.4,42.5,-94,12.1,182,N
Johnny Damon,1995,2012,2490,10917,235,1668,1139,408,9.2 %,11.5 %,0.148,0.305,0.284,0.352,0.433,0.344,105,75.1,146,-70.3,44.5,185,N
Bobby Higginson,1995,2004,1362,5664,187,736,709,91,11.5 %,14.1 %,0.183,0.289,0.272,0.358,0.455,0.354,111,-4.2,81.5,-93.2,17.8,469,N
Joe Randa,1995,2006,1522,6007,123,697,739,42,7.2 %,12.3 %,0.141,0.306,0.284,0.339,0.426,0.334,94,-5.2,-48.9,49.3,20.2,623,N
Mark Grudzielanek,1995,2010,1802,7603,90,946,640,133,4.8 %,12.5 %,0.104,0.322,0.289,0.332,0.393,0.32,91,4.1,-80,69.4,23.2,653,N
Jason Giambi,1995,2014,2260,8908,440,1227,1441,20,15.3 %,17.6 %,0.24,0.294,0.277,0.399,0.516,0.394,140,-23.4,430.2,-223.9,49.7,818,N
Edgardo Alfonzo,1995,2008,1506,6108,146,777,744,53,9.8 %,10.1 %,0.14,0.296,0.284,0.357,0.425,0.344,107,2.8,63,48.7,30.1,859,N
Brian Giles,1995,2009,1847,7836,287,1121,1078,109,15.1 %,10.7 %,0.212,0.294,0.291,0.4,0.502,0.388,136,17.9,384.8,-80.8,54.9,990,N
Rich Aurilia,1995,2009,1652,6278,186,745,756,23,7.2 %,13.7 %,0.158,0.294,0.275,0.328,0.433,0.331,98,-10.9,-23.3,83.5,25.9,1106,N
Shannon Stewart,1995,2008,1386,6205,115,853,580,196,8.1 %,11.0 %,0.133,0.32,0.297,0.36,0.43,0.347,107,6.5,65.2,-59.3,21.4,1322,N
Quilvio Veras,1995,2001,767,3293,32,469,239,183,13.0 %,14.0 %,0.092,0.311,0.27,0.372,0.362,0.336,103,-0.4,11.4,9.8,12.3,1013404,N
Andruw Jones,1996,2012,2196,8664,434,1204,1289,152,10.3 %,20.2 %,0.231,0.273,0.254,0.337,0.486,0.352,111,-5.3,116.3,281.3,67.1,96,N
Tony Batista,1996,2007,1309,4964,221,625,719,47,5.8 %,15.9 %,0.202,0.256,0.251,0.299,0.453,0.32,89,-12.9,-80.2,33,12,124,N
Nomar Garciaparra,1996,2009,1434,6116,229,927,936,95,6.6 %,9.1 %,0.208,0.312,0.313,0.361,0.521,0.376,124,4.8,199.9,18.8,41.4,190,N
Trot Nixon,1996,2008,1092,4224,137,579,555,30,11.9 %,16.3 %,0.19,0.301,0.274,0.364,0.464,0.359,115,0,77.8,4.4,22.4,204,N
Luis Castillo,1996,2010,1720,7471,28,1001,443,370,10.7 %,11.4 %,0.061,0.329,0.29,0.368,0.351,0.327,97,33.4,7.1,37.9,28.4,513,N
Vladimir Guerrero,1996,2012,2147,9059,449,1328,1496,181,8.1 %,10.9 %,0.235,0.316,0.318,0.379,0.553,0.39,136,-49.8,370.2,-115,54.3,778,N
Bobby Abreu,1996,2014,2425,10081,288,1453,1363,400,14.6 %,18.3 %,0.183,0.339,0.291,0.395,0.475,0.378,129,33.8,415.5,-143.4,59.2,945,N
Jason Kendall,1996,2012,2085,8702,75,1030,744,189,8.3 %,7.9 %,0.09,0.306,0.288,0.366,0.378,0.334,99,0.7,-6.8,127.8,39.5,993,N
Edgar Renteria,1996,2011,2152,9066,140,1200,923,294,7.9 %,13.0 %,0.112,0.317,0.286,0.343,0.398,0.327,95,15.5,-36.7,99.7,35.2,1178,N
Jason Varitek,1997,2011,1546,5839,193,664,757,25,10.5 %,20.8 %,0.179,0.298,0.256,0.341,0.435,0.337,99,-22.8,-27.5,75,24.3,217,N
Todd Helton,1997,2013,2247,9453,369,1401,1406,37,14.1 %,12.4 %,0.223,0.33,0.316,0.414,0.539,0.405,132,-35.5,354.1,-99.8,54.8,432,N
Richard Hidalgo,1997,2005,987,3929,171,531,560,48,9.1 %,18.8 %,0.221,0.292,0.269,0.345,0.49,0.357,111,-12.9,47.2,42.6,21.2,561,N
Jose Vidro,1997,2007,1418,5708,128,720,654,23,8.4 %,9.7 %,0.146,0.312,0.298,0.359,0.445,0.35,108,-11.9,50.6,-71.6,16.2,802,N
Miguel Tejada,1997,2015,2171,9205,307,1230,1302,85,6.0 %,11.7 %,0.17,0.295,0.285,0.336,0.456,0.341,106,-26.3,50,43.7,39.7,941,N
Mark Kotsay,1997,2013,1914,7110,127,790,720,98,7.8 %,10.6 %,0.128,0.294,0.276,0.332,0.404,0.322,95,-14.3,-57.8,28.4,20.2,1042,N
Jose Cruz,1997,2008,1388,5448,204,713,624,113,12.1 %,21.1 %,0.198,0.282,0.247,0.337,0.445,0.339,101,11.8,20.8,-6.8,19.5,1296,N
Mike Lowell,1998,2010,1601,6500,223,771,952,30,8.4 %,12.6 %,0.185,0.287,0.279,0.342,0.464,0.346,108,-39.7,25.8,22.7,26,527,N
Paul Lo Duca,1998,2010,1082,4302,80,483,481,20,6.2 %,6.9 %,0.123,0.29,0.286,0.337,0.409,0.325,97,-37.2,-51.2,72.6,16,662,N
Ronnie Belliard,1998,2011,1484,5641,114,685,601,43,8.7 %,14.1 %,0.142,0.303,0.273,0.338,0.415,0.33,96,1.4,-29,23,17.7,677,N
Corey Koskie,1998,2006,989,3950,124,516,506,71,11.6 %,20.1 %,0.183,0.323,0.275,0.367,0.458,0.357,113,-4.5,62.9,73.8,26.7,738,N
Eric Chavez,1998,2014,1615,6228,260,816,902,50,10.3 %,17.3 %,0.208,0.287,0.268,0.342,0.475,0.349,113,1.7,99.8,47,35.4,906,N
Carlos Guillen,1998,2011,1305,5277,124,733,660,74,9.7 %,15.2 %,0.158,0.319,0.285,0.355,0.443,0.346,111,-3.3,69.2,9.2,25.4,1079,N
J.D. Drew,1998,2011,1566,6153,242,944,795,87,14.0 %,18.5 %,0.212,0.311,0.278,0.384,0.489,0.378,127,18.4,235.9,25.2,45.9,1152,N
Placido Polanco,1998,2013,1927,7887,104,1009,723,81,5.4 %,6.8 %,0.1,0.307,0.297,0.343,0.397,0.327,97,-4.4,-37.3,151.6,37.3,1176,N
Melvin Mora,1999,2011,1556,6158,171,794,754,93,8.4 %,15.5 %,0.154,0.306,0.277,0.35,0.431,0.343,107,-7.1,44.5,23.4,27.3,157,N
Lance Berkman,1999,2013,1879,7814,366,1146,1234,86,15.4 %,16.6 %,0.243,0.315,0.293,0.406,0.537,0.4,144,-12,421.3,-108.9,56.1,548,N
Casey Blake,1999,2011,1265,5091,167,644,616,36,8.7 %,20.4 %,0.178,0.305,0.264,0.336,0.442,0.337,106,3.6,42.7,10.7,22.3,719,N
Jacque Jones,1999,2010,1302,4993,165,632,630,82,6.3 %,19.0 %,0.172,0.316,0.277,0.326,0.448,0.333,97,-11.3,-31,-13,12.5,735,N
Alfonso Soriano,1999,2014,1975,8395,412,1152,1159,289,5.9 %,21.5 %,0.23,0.301,0.27,0.319,0.5,0.348,111,33.3,147.2,-24.5,39.8,847,N
Vernon Wells,1999,2012,1731,7212,270,930,958,109,6.5 %,13.3 %,0.189,0.278,0.27,0.319,0.459,0.335,102,11.2,35.4,-29.7,24.8,1326,N
Rafael Furcal,2000,2015,1614,7237,113,1063,587,314,8.9 %,12.6 %,0.122,0.31,0.281,0.346,0.402,0.33,99,52.5,46.7,51.7,33.1,88,N
Juan Pierre,2000,2013,1994,8280,18,1075,517,614,5.6 %,5.8 %,0.066,0.312,0.295,0.343,0.361,0.315,86,89.5,-58.5,28.8,23.9,443,N
Julio Lugo,2000,2011,1352,5338,80,688,475,198,8.2 %,16.4 %,0.115,0.312,0.269,0.333,0.384,0.317,88,14.6,-64.8,27,13.9,565,N
Eric Byrnes,2000,2010,963,3531,109,482,396,129,7.1 %,15.2 %,0.181,0.279,0.258,0.32,0.439,0.328,94,26.2,-0.8,-1.9,11.2,905,N
David Eckstein,2001,2010,1311,5705,35,701,392,123,6.6 %,7.3 %,0.075,0.298,0.28,0.345,0.355,0.316,92,10.6,-49.7,28.6,16.8,10,N
Brian Roberts,2001,2013,1418,6253,97,850,542,285,9.7 %,13.5 %,0.133,0.308,0.276,0.347,0.409,0.332,101,41.8,51.9,29,29.1,166,N
Aaron Rowand,2001,2011,1358,4817,136,613,536,67,5.4 %,19.0 %,0.163,0.316,0.273,0.33,0.435,0.333,100,7.8,10,70.4,23.6,254,N
Carlos Pena,2001,2014,1493,5893,286,745,818,29,13.9 %,26.8 %,0.231,0.275,0.232,0.346,0.462,0.35,117,2.7,128.1,-136.2,18.9,934,N
Lyle Overbay,2001,2014,1587,5801,151,645,675,19,11.0 %,19.1 %,0.163,0.31,0.266,0.347,0.429,0.338,105,-23.4,15.2,-103.8,10.3,1617,N
Austin Kearns,2002,2012,1125,4179,121,522,494,33,11.4 %,21.5 %,0.16,0.304,0.253,0.351,0.413,0.338,104,2.9,23.1,12.8,17.1,332,N
Ryan Ludwick,2002,2014,1065,3986,154,454,587,17,8.5 %,22.3 %,0.191,0.303,0.26,0.33,0.451,0.34,110,-2.2,49.4,-38.8,13.7,1260,N
Mark Ellis,2002,2014,1435,5728,105,690,550,82,7.6 %,14.0 %,0.122,0.291,0.262,0.327,0.384,0.314,93,28.8,-20.6,102.3,27.4,1443,N
Marco Scutaro,2002,2014,1391,5486,77,683,509,55,8.6 %,10.4 %,0.111,0.298,0.277,0.341,0.388,0.323,96,2.6,-22.8,22.6,18.6,1555,N
Travis Hafner,2002,2013,1183,4782,213,619,731,11,12.5 %,20.4 %,0.225,0.308,0.273,0.376,0.498,0.374,132,-10.7,179,-120,21.9,1573,N
Chone Figgins,2002,2014,1282,5360,35,708,403,341,10.1 %,15.5 %,0.087,0.326,0.276,0.349,0.363,0.32,95,58.9,29.5,6.1,21.5,1580,N
Freddy Sanchez,2002,2012,904,3686,48,434,371,13,4.9 %,11.4 %,0.116,0.324,0.297,0.335,0.413,0.326,97,2.2,-10.2,48.7,15.7,1624,N
Kevin Youkilis,2004,2013,1061,4436,150,653,618,26,12.2 %,18.7 %,0.197,0.321,0.281,0.382,0.478,0.375,127,2.4,150.3,-10,29.2,1935,N
Nyjer Morgan,2006,2017,598,2206,12,288,136,120,6.6 %,16.0 %,0.084,0.336,0.282,0.343,0.366,0.317,93,13.6,-4.6,50.1,11.7,4885,N
Carlos Quentin,2006,2016,834,3247,154,416,491,16,9.2 %,15.9 %,0.232,0.255,0.252,0.347,0.484,0.361,121,-5.2,77.2,-84.6,10.1,6274,N
Darin Erstad,1996,2009,1654,6628,124,913,699,179,7.2 %,14.2 %,0.125,0.314,0.282,0.336,0.407,0.325,93,22.4,-34.1,96.3,28.6,11,N
Troy Glaus,1998,2010,1537,6355,320,889,950,56,13.4 %,21.7 %,0.235,0.281,0.254,0.358,0.489,0.365,120,-2.4,157.7,-20.4,34.4,15,N
Adam Kennedy,1999,2012,1691,6055,80,682,571,179,6.6 %,13.9 %,0.112,0.306,0.272,0.327,0.384,0.311,88,9.9,-84.7,64.6,18.4,19,N
Craig Counsell,,,1623,5488,42,647,390,103,10.7 %,12.1 %,0.089,0.286,0.255,0.342,0.344,0.309,82,1.6,-126.6,125.7,17.7,52,N
Damian Miller,,,989,3558,87,361,406,5,8.5 %,21.7 %,0.149,0.318,0.262,0.329,0.411,0.321,88,-15.4,-71.5,82.4,12.5,65,N
Vinny Castilla,,,1854,7384,320,902,1105,33,5.7 %,14.5 %,0.2,0.284,0.276,0.321,0.476,0.34,91,-25.1,-112.1,53.8,18.1,84,N
Marcus Giles,,,792,3340,76,468,333,70,9.5 %,15.7 %,0.152,0.313,0.277,0.353,0.429,0.343,107,16.3,44.5,26.4,17.9,89,N
Javy Lopez,,,1503,5793,260,674,864,8,6.2 %,16.7 %,0.204,0.306,0.287,0.337,0.491,0.354,112,-20.7,70.4,55.3,30.7,103,N
Jeff Conine,,,2024,7782,214,870,1071,54,8.6 %,15.0 %,0.158,0.311,0.285,0.347,0.443,0.343,107,-5.7,63.8,-100.2,22,131,N
Jerry Hairston,,,1442,4967,70,580,420,147,7.5 %,11.5 %,0.111,0.279,0.257,0.324,0.368,0.308,87,10.7,-72.4,48.1,14,144,N
Gary Matthews Jr.,,,1281,4617,108,612,484,95,9.8 %,18.4 %,0.148,0.299,0.257,0.332,0.405,0.323,93,15.4,-27.4,7.9,13.5,153,N
Will Venable,,,967,3146,81,378,307,135,8.1 %,23.8 %,0.155,0.31,0.249,0.315,0.404,0.314,101,29.6,32.4,1.9,13.8,211,N
Sandy Alomar Jr.,,,1377,4865,112,520,588,25,4.4 %,10.3 %,0.134,0.284,0.273,0.309,0.406,0.313,84,-13.4,-109.1,77.5,13.2,221,N
Royce Clayton,,,2108,8164,110,935,723,231,6.9 %,17.3 %,0.109,0.303,0.258,0.312,0.367,0.3,76,1.4,-244.5,155.4,18.2,226,N
Joe Crede,,,888,3377,140,392,470,4,5.9 %,13.6 %,0.19,0.255,0.254,0.304,0.444,0.322,90,-4.6,-45.4,61.7,13,227,N
Ray Durham,,,1975,8423,192,1249,875,273,9.7 %,14.3 %,0.158,0.306,0.277,0.352,0.436,0.345,105,21,78.4,-62.5,29.5,230,N
Tony Graffanino,,,981,3161,58,442,302,53,8.7 %,15.4 %,0.128,0.301,0.265,0.335,0.394,0.322,90,7.2,-32.4,50.4,12.2,235,N
Paul Konerko,,,2349,9505,439,1162,1412,9,9.7 %,14.6 %,0.208,0.286,0.279,0.354,0.486,0.361,118,-87.5,127.3,-215.1,23.2,242,N
Carlos Lee,,,2099,8787,358,1125,1363,125,7.5 %,11.2 %,0.198,0.284,0.285,0.339,0.483,0.351,112,-30.6,102.7,-115.7,27.5,243,N
Kenny Lofton,,,2103,9235,130,1528,781,622,10.2 %,11.0 %,0.124,0.326,0.299,0.372,0.423,0.352,109,68.5,181.3,139.4,62.4,246,N
Magglio Ordonez,,,1848,7745,294,1076,1236,94,8.4 %,11.0 %,0.193,0.316,0.309,0.369,0.502,0.375,126,-28.6,229.2,-121.1,36.6,248,N
Todd Hundley,,,1225,4305,202,495,599,14,10.5 %,23.0 %,0.209,0.261,0.234,0.32,0.443,0.328,99,-6.4,-6.4,15.9,14.2,284,N
Bill Mueller,,,1216,4886,85,663,493,20,11.1 %,11.7 %,0.134,0.316,0.291,0.373,0.425,0.352,112,-16.8,59.1,22.2,23.7,295,N
Corey Patterson,,,1230,4499,118,571,431,218,4.6 %,20.7 %,0.148,0.296,0.252,0.29,0.4,0.298,77,42.4,-88.9,50.3,10.8,300,N
Aaron Boone,,,1152,4333,126,519,555,107,7.0 %,16.3 %,0.162,0.29,0.263,0.326,0.425,0.327,93,9.6,-26.8,-14.1,10,311,N
Sean Casey,,,1405,5644,130,690,735,18,8.5 %,10.2 %,0.145,0.319,0.302,0.367,0.447,0.353,109,-20.2,46.5,-75.8,15.2,314,N
Adam Dunn,,,2001,8328,462,1097,1168,63,15.8 %,28.6 %,0.253,0.286,0.237,0.364,0.49,0.367,123,-0.4,239.5,-255.3,25.4,319,N
Milton Bradley,,,1042,4181,125,541,481,88,11.9 %,19.5 %,0.169,0.317,0.271,0.364,0.44,0.352,114,-7.1,64.3,-10.5,19.1,369,N
Russell Branyan,,,1059,3398,194,405,467,16,11.9 %,32.9 %,0.253,0.296,0.232,0.329,0.485,0.347,111,1.5,48.6,-42.2,12,370,N
Matt Lawton,,,1334,5570,138,756,631,165,12.2 %,11.0 %,0.15,0.281,0.267,0.368,0.417,0.348,107,-7.4,41.9,-113.3,11.7,390,N
Victor Martinez,,,1840,7658,237,882,1124,7,9.1 %,11.0 %,0.164,0.309,0.298,0.364,0.462,0.355,119,-86.1,91.4,-56,29.6,393,N
Jim Thome,,,2543,10313,612,1583,1699,19,16.9 %,24.7 %,0.278,0.322,0.276,0.402,0.554,0.406,145,-35.2,554.6,-199.9,69,409,N
Juan Uribe,,,1826,6715,199,724,816,48,5.8 %,18.2 %,0.163,0.286,0.255,0.301,0.418,0.311,85,-5.6,-128.8,148.1,24.5,454,N
Larry Walker,,,1988,8030,383,1355,1311,230,11.4 %,15.3 %,0.252,0.332,0.313,0.4,0.565,0.412,140,21.5,427.9,3.5,68.7,455,N
Brandon Inge,,,1532,5617,152,563,648,45,7.9 %,23.3 %,0.152,0.281,0.233,0.301,0.384,0.301,81,-3.9,-134.9,105.9,16,470,N
Dean Palmer,,,1357,5513,275,734,849,48,9.1 %,24.2 %,0.222,0.285,0.251,0.324,0.472,0.345,104,-3.8,28.9,-103.2,11,482,N
Dmitri Young,,,1364,5253,171,648,683,25,7.7 %,16.6 %,0.183,0.324,0.292,0.351,0.475,0.354,112,-24.7,55.4,-100.9,12.5,505,N
Derrek Lee,,,1942,7963,331,1081,1078,104,11.0 %,20.4 %,0.213,0.321,0.281,0.365,0.495,0.369,123,-15.8,217.2,-128.8,34.5,525,N
Brad Ausmus,,,1971,7102,80,718,607,102,8.9 %,14.6 %,0.092,0.288,0.251,0.325,0.344,0.299,76,-23.2,-244.9,178.7,16.7,546,N
Morgan Ensberg,,,731,2580,110,340,347,22,12.9 %,16.9 %,0.205,0.28,0.263,0.362,0.468,0.36,116,-12.1,39.9,17.6,14.1,556,N
Gregg Zaun,,,1232,4042,88,437,446,23,11.9 %,13.5 %,0.136,0.274,0.252,0.344,0.388,0.325,92,-15.8,-56,43.5,12.2,580,N
Raul Ibanez,,,2161,8278,305,1055,1207,50,8.6 %,16.6 %,0.193,0.295,0.272,0.335,0.465,0.344,110,-9.1,95,-174.1,19.5,607,N
Mike Sweeney,,,1454,5848,215,759,909,53,8.9 %,10.5 %,0.189,0.3,0.297,0.366,0.486,0.366,117,-2.7,121.2,-106.5,21.1,634,N
Dave Roberts,,,832,3092,23,437,213,243,9.9 %,11.7 %,0.1,0.298,0.266,0.342,0.366,0.316,92,32.9,0.1,2.1,10.3,670,N
Jose Hernandez,,,1587,5089,168,623,603,41,7.5 %,27.3 %,0.165,0.324,0.252,0.312,0.418,0.316,86,-13.5,-107,67.7,12.4,688,N
Geoff Jenkins,,,1349,5254,221,688,733,32,8.0 %,22.6 %,0.215,0.322,0.275,0.344,0.49,0.354,111,-10.8,63.1,15.5,24.5,690,N
Richie Sexson,,,1367,5604,306,748,943,14,10.5 %,23.4 %,0.246,0.293,0.261,0.344,0.507,0.363,118,-19.3,112.6,-130.3,16.8,709,N
Eric Young,,,1730,6996,79,996,543,465,9.4 %,6.6 %,0.107,0.294,0.283,0.359,0.39,0.336,94,18.2,-30.9,5.9,19.8,716,N
Torii Hunter,,,2372,9692,353,1296,1391,195,6.8 %,18.0 %,0.185,0.307,0.277,0.331,0.461,0.342,110,-8.7,102.3,-19.5,41.5,731,N
David Ortiz,,,2408,10091,541,1419,1768,17,13.1 %,17.3 %,0.265,0.3,0.286,0.38,0.552,0.392,140,-78,407.5,-248.4,50.7,745,N
A.J. Pierzynski,,,2059,7815,188,807,909,15,3.9 %,11.5 %,0.14,0.296,0.28,0.319,0.42,0.319,92,-65.6,-144.9,109,22.8,746,N
Orlando Cabrera,,,1985,8255,123,985,854,216,6.2 %,9.0 %,0.118,0.285,0.272,0.317,0.39,0.309,83,26.6,-150.9,124.9,24.6,766,N
Todd Frazier,,,920,3702,171,460,486,62,8.7 %,21.8 %,0.212,0.272,0.245,0.32,0.458,0.336,110,7.4,52,26.6,20.7,785,N
Brandon Phillips,,,1878,7904,208,994,942,209,5.3 %,13.6 %,0.145,0.296,0.275,0.32,0.42,0.321,95,4.1,-47,106.7,32,791,N
Brad Wilkerson,,,972,3753,122,500,399,53,13.1 %,25.2 %,0.193,0.311,0.247,0.35,0.44,0.343,105,5,27.4,-27.4,12.3,804,N
Nick Johnson,,,832,3316,95,430,398,29,15.7 %,17.2 %,0.173,0.307,0.268,0.399,0.441,0.37,126,-14.8,95.4,-54.2,14.9,828,N
Jorge Posada,,,1828,7150,275,900,1065,20,13.1 %,20.3 %,0.201,0.315,0.273,0.374,0.474,0.367,123,-54.5,156.2,56.9,44.7,841,N
Robin Ventura,,,2079,8271,294,1006,1182,24,13.0 %,14.3 %,0.177,0.281,0.267,0.362,0.444,0.351,113,-14.2,124.9,169.6,56.7,854,N
Bernie Williams,,,2076,9053,287,1366,1257,147,11.8 %,13.4 %,0.18,0.318,0.297,0.381,0.477,0.373,126,-16.1,286.3,-143,43.9,857,N
Roberto Alomar,,,2379,10400,210,1508,1134,474,9.9 %,11.0 %,0.143,0.321,0.3,0.371,0.443,0.359,118,41.6,272.5,15.8,63.6,860,N
Jay Payton,,,1259,4490,119,561,522,47,5.7 %,11.2 %,0.147,0.291,0.279,0.323,0.425,0.325,92,-6.8,-49.7,20.8,12,890,N
Jermaine Dye,,,1763,7214,325,984,1072,46,8.3 %,18.1 %,0.214,0.296,0.274,0.338,0.488,0.354,110,-26.2,64.8,-162,14.5,911,N
Ramon Hernandez,,,1526,5701,169,580,757,9,7.5 %,12.9 %,0.154,0.276,0.263,0.327,0.417,0.325,96,-27.7,-59.5,107.6,23.7,918,N
David Justice,,,1610,6602,305,929,1017,53,13.7 %,15.1 %,0.221,0.289,0.279,0.378,0.5,0.38,130,-11.2,234.5,-52.8,40.4,923,N
Randy Velarde,,,1273,4813,100,633,445,78,9.6 %,17.7 %,0.132,0.324,0.276,0.352,0.408,0.341,103,-0.7,22.1,42.1,22.4,942,N
Pat Burrell,,,1640,6520,292,767,976,7,14.3 %,24.0 %,0.219,0.297,0.253,0.361,0.472,0.36,117,-26.6,116.4,-138.7,19,949,N
Marlon Byrd,,,1574,6123,159,740,710,56,6.2 %,20.2 %,0.155,0.324,0.275,0.329,0.43,0.331,102,6.5,18.6,1.7,22.4,950,N
Jimmy Rollins,,,2275,10240,231,1421,936,470,7.9 %,12.3 %,0.154,0.283,0.264,0.324,0.418,0.323,95,83.1,26.5,134.8,49.4,971,N
Aramis Ramirez,,,2194,8986,386,1098,1417,29,7.0 %,13.8 %,0.209,0.29,0.283,0.341,0.492,0.357,115,-68.1,102.5,-9.7,38.4,1002,N
Jack Wilson,,,1370,5339,61,565,426,43,5.1 %,11.6 %,0.101,0.29,0.265,0.306,0.366,0.294,75,9,-161.4,111.6,12.4,1017,N
Phil Nevin,,,1217,4703,208,584,743,18,9.5 %,21.7 %,0.202,0.308,0.27,0.343,0.472,0.35,112,-5.7,72.2,-70.6,15.1,1049,N
Bret Boone,,,1780,7433,252,927,1021,94,7.4 %,17.4 %,0.176,0.292,0.266,0.325,0.442,0.332,101,-8.7,-3,-8.6,23,1067,N
Mike Cameron,,,1955,7884,278,1064,968,297,11.0 %,24.1 %,0.195,0.301,0.249,0.338,0.444,0.341,107,51.9,120.2,130.4,50.7,1070,N
Jeff Cirillo,,,1617,6136,112,800,727,63,9.2 %,11.3 %,0.134,0.32,0.296,0.366,0.43,0.351,103,-3.5,26.6,105,33,1073,N
John Olerud,,,2234,9063,255,1139,1230,11,14.1 %,11.2 %,0.17,0.309,0.295,0.398,0.465,0.377,130,-19.6,322.1,-45.3,57.3,1093,N
Ruben Sierra,,,2186,8782,306,1084,1322,142,6.9 %,14.1 %,0.182,0.279,0.268,0.315,0.45,0.33,101,8,12.9,-177.2,13.9,1099,N
Ichiro Suzuki,,,2619,10649,117,1414,776,508,6.0 %,10.0 %,0.092,0.339,0.312,0.356,0.403,0.329,105,95.5,161.9,64.6,58.2,1101,N
Dan Wilson,,,1299,4616,88,441,519,23,6.1 %,16.5 %,0.12,0.299,0.262,0.309,0.382,0.304,80,-6.6,-128.6,108.5,13.9,1102,N
David Bell,,,1403,5381,123,587,589,19,8.0 %,12.8 %,0.139,0.274,0.257,0.32,0.396,0.313,86,-12.1,-110.9,66.7,13.5,1108,N
Jeff Kent,,,2298,9537,377,1320,1518,94,8.4 %,16.0 %,0.21,0.311,0.29,0.356,0.5,0.367,123,-19.8,259.7,1.2,56.1,1119,N
Jim Edmonds,,,2011,7980,393,1251,1199,67,12.5 %,21.7 %,0.243,0.324,0.284,0.376,0.527,0.385,132,-8,317.7,73.3,64.5,1153,N
Tino Martinez,,,2023,8044,339,1009,1271,27,9.7 %,13.3 %,0.2,0.274,0.271,0.344,0.471,0.35,110,-15.1,92.9,-74.7,28.7,1168,N
Carl Crawford,,,1716,7178,136,998,766,480,5.3 %,14.9 %,0.145,0.326,0.29,0.33,0.435,0.332,104,87.3,124.6,52.6,42,1201,N
Aubrey Huff,,,1681,6786,242,806,904,37,8.4 %,13.4 %,0.186,0.29,0.278,0.342,0.464,0.345,111,-6.5,83.4,-139.4,17.1,1213,N
Randy Winn,,,1717,6878,110,863,662,215,7.6 %,14.7 %,0.132,0.322,0.284,0.343,0.416,0.333,100,28.2,28.8,23.5,28.1,1235,N
Frank Catalanotto,,,1265,4292,84,562,457,45,7.7 %,11.5 %,0.154,0.314,0.291,0.357,0.445,0.35,108,-0.2,41.5,-66.1,12,1241,N
Mark Teixeira,,,1862,8029,409,1099,1298,26,11.4 %,17.9 %,0.241,0.282,0.268,0.36,0.509,0.371,127,-7.8,256.1,-79.6,45,1281,N
Michael Young,,,1970,8612,185,1137,1030,90,6.7 %,14.3 %,0.141,0.333,0.3,0.346,0.441,0.342,104,-15.8,28.8,-79.4,23.8,1286,N
Eric Hinske,,,1387,4310,137,549,522,61,10.5 %,22.0 %,0.181,0.295,0.249,0.332,0.43,0.331,99,11.8,7.9,-41.7,11,1305,N
Orlando Hudson,,,1345,5413,93,648,542,85,8.9 %,15.2 %,0.138,0.31,0.273,0.341,0.412,0.33,98,12.1,-2.8,34.9,21.1,1307,N
Raul Mondesi,,,1525,6369,271,909,860,229,7.5 %,17.7 %,0.212,0.296,0.273,0.331,0.485,0.349,112,11.2,111.1,-49.3,26.5,1314,N
Jayson Werth,,,1568,6304,228,878,793,132,12.0 %,22.7 %,0.189,0.321,0.268,0.361,0.457,0.357,121,41.8,195.8,-47.7,35.6,1327,N
Mark Loretta,,,1726,6558,76,768,629,47,8.5 %,9.2 %,0.1,0.315,0.295,0.36,0.395,0.335,100,-20.7,-19.7,-4,19,1383,N
Matt Stairs,,,1895,6024,265,770,899,30,11.9 %,18.6 %,0.214,0.285,0.262,0.356,0.477,0.359,115,-19.3,96.6,-174.7,12.3,1384,N
Nick Punto,,,1163,3734,19,421,263,104,10.3 %,17.4 %,0.077,0.298,0.245,0.323,0.323,0.292,77,23.9,-79.9,107.1,15.4,1429,N
Andres Torres,,,650,2157,32,277,174,77,9.5 %,22.1 %,0.14,0.305,0.242,0.317,0.382,0.309,94,15.5,1,45,11.8,1488,N
Michael Cuddyer,,,1536,6102,197,809,794,75,8.6 %,18.0 %,0.184,0.314,0.277,0.344,0.461,0.349,112,-4.7,84.1,-130.2,15.8,1534,N
David Ross,,,883,2644,106,254,314,3,10.9 %,27.8 %,0.195,0.283,0.229,0.316,0.423,0.319,92,-6.2,-30.4,92.9,15,1551,N
Coco Crisp,,,1586,6627,130,877,639,309,8.5 %,13.1 %,0.137,0.289,0.265,0.327,0.402,0.319,97,64.2,35.4,35.7,29.9,1572,N
Jamey Carroll,,,1276,4225,13,560,265,74,9.7 %,13.8 %,0.066,0.318,0.272,0.349,0.338,0.311,87,14.1,-53.4,43.3,13,1591,N
Omar Infante,,,1507,5698,82,609,542,80,5.2 %,13.6 %,0.116,0.301,0.271,0.308,0.387,0.304,86,13.7,-83.8,36.4,14.4,1609,N
Hideki Matsui,,,1236,5066,175,656,760,13,10.8 %,13.6 %,0.18,0.297,0.282,0.36,0.462,0.357,119,-1.7,118.6,-159.7,12.9,1659,N
Shane Victorino,,,1299,5164,108,731,489,231,7.4 %,12.1 %,0.15,0.298,0.275,0.34,0.425,0.336,104,53.3,79.2,56.8,31,1677,N
Chase Utley,,,1836,7640,257,1078,1007,150,9.2 %,15.1 %,0.192,0.298,0.276,0.359,0.469,0.358,119,73.2,258.6,131.6,64.1,1679,N
Jason Bay,,,1278,5258,222,737,754,95,12.1 %,23.1 %,0.214,0.313,0.266,0.36,0.481,0.363,121,23.1,163.4,-123.2,21.1,1717,N
Jose Reyes,,,1750,7916,138,1140,694,508,7.1 %,10.9 %,0.143,0.308,0.286,0.336,0.429,0.332,104,73.8,112.3,60.2,43.5,1736,N
Justin Morneau,,,1545,6392,247,772,985,5,9.0 %,15.5 %,0.199,0.299,0.281,0.348,0.481,0.353,116,-23.7,104.5,-94.2,22.6,1737,N
Jhonny Peralta,,,1798,7319,202,841,873,17,8.3 %,19.8 %,0.156,0.311,0.267,0.329,0.423,0.328,103,-49.9,-30.1,58.4,28.3,1738,N
Miguel Cabrera,,,2214,9487,461,1368,1612,38,11.2 %,17.0 %,0.237,0.345,0.317,0.395,0.554,0.4,150,-63.7,501.4,-156.2,68,1744,N
Cody Ross,,,1073,3806,132,449,508,33,7.4 %,21.0 %,0.183,0.303,0.262,0.322,0.445,0.333,103,7.1,23.1,-17.1,12.9,1760,N
David DeJesus,,,1472,5916,99,740,573,66,8.6 %,14.2 %,0.137,0.309,0.275,0.349,0.412,0.336,105,4.6,39.5,7.9,24.6,1825,N
Rickie Weeks Jr.,,,1324,5112,161,733,474,132,10.4 %,24.1 %,0.174,0.304,0.246,0.344,0.42,0.338,106,22.1,61.1,-55.7,17.1,1849,N
Corey Hart,,,1048,4114,162,549,538,85,7.0 %,20.7 %,0.207,0.308,0.271,0.329,0.478,0.348,113,-0.2,64.4,-69.4,12.8,1945,N
Desmond Jennings,,,567,2351,55,311,191,95,9.3 %,20.5 %,0.148,0.292,0.245,0.322,0.393,0.317,103,21.2,28.5,3.2,11.7,1965,N
John Buck,,,1090,4009,134,389,491,6,7.7 %,23.9 %,0.164,0.279,0.234,0.301,0.398,0.305,85,-12.1,-87.1,55.2,10.3,2041,N
Alex Rios,,,1691,6929,169,885,794,253,5.8 %,16.1 %,0.157,0.31,0.277,0.321,0.434,0.327,98,26.6,14.8,9.5,25.9,2090,N
Josh Willingham,,,1147,4616,195,564,632,35,12.0 %,22.4 %,0.212,0.292,0.253,0.358,0.465,0.359,122,-0.2,121.5,-94.5,18.1,2103,N
Ryan Howard,,,1572,6531,382,848,1194,12,10.9 %,28.2 %,0.257,0.309,0.258,0.343,0.515,0.361,121,-38,137.3,-148.9,19.3,2154,N
Grady Sizemore,,,1101,4724,150,660,518,143,10.2 %,20.2 %,0.192,0.309,0.265,0.349,0.457,0.35,115,34.7,126,9,28.9,2197,N
Kelly Johnson,,,1399,5139,155,632,550,87,10.0 %,22.3 %,0.171,0.302,0.251,0.33,0.422,0.33,102,10.2,21.7,-6.8,18.4,2234,N
Peter Bourjos,,,800,2211,42,273,160,66,5.8 %,23.9 %,0.141,0.306,0.241,0.298,0.382,0.298,87,13.6,-20.9,50.1,10.6,2578,N
Angel Pagan,,,1124,4465,64,584,414,176,7.1 %,14.3 %,0.128,0.316,0.28,0.33,0.408,0.322,102,39.2,51.2,-8.3,18.9,2918,N
Gregor Blanco,,,983,3125,24,369,222,112,11.0 %,19.2 %,0.094,0.32,0.257,0.342,0.351,0.31,95,17.7,-3.4,6.6,10.7,3123,N
Nate McLouth,,,1045,3737,101,521,333,133,9.8 %,17.1 %,0.163,0.277,0.247,0.332,0.41,0.326,99,40,34.8,-54.8,10.1,3190,N
Franklin Gutierrez,,,954,3335,97,394,361,78,6.8 %,22.1 %,0.151,0.307,0.257,0.311,0.408,0.314,95,7.6,-12,58.4,16.2,3255,N
Welington Castillo,,,593,2240,79,212,279,4,6.9 %,24.9 %,0.169,0.319,0.261,0.32,0.43,0.325,101,-15.5,-12.2,58.1,12.2,3256,N
Robinson Cano,,,1979,8411,299,1135,1173,51,6.5 %,12.2 %,0.191,0.319,0.305,0.354,0.496,0.363,126,-30.8,232,-12.9,51.9,3269,N
Martin Prado,,,1300,5392,97,622,576,39,6.7 %,11.1 %,0.13,0.313,0.291,0.34,0.422,0.333,107,-15.9,28.4,36.7,24.4,3312,N
Matt Joyce,,,1082,3599,129,442,439,34,12.6 %,21.3 %,0.193,0.278,0.242,0.341,0.436,0.338,115,7.7,70,-55.8,13.9,3353,N
Nick Hundley,,,833,2946,80,278,335,13,6.5 %,23.4 %,0.158,0.305,0.25,0.301,0.408,0.307,90,-9.8,-45.2,60.1,11.2,3376,N
Dan Uggla,,,1346,5509,235,759,706,26,11.4 %,24.3 %,0.206,0.283,0.241,0.336,0.447,0.341,109,13.7,75.5,-17.9,23.4,3442,N
Luke Scott,,,889,3193,135,370,436,17,10.5 %,20.7 %,0.223,0.29,0.258,0.34,0.481,0.352,115,-3.2,56.4,-51.4,11.2,3469,N
Nick Swisher,,,1527,6308,245,805,803,13,13.0 %,21.8 %,0.198,0.287,0.249,0.351,0.447,0.348,114,-4.9,104.8,-65.8,25.3,4599,N
Prince Fielder,,,1611,6853,319,862,1028,18,12.4 %,16.9 %,0.223,0.301,0.283,0.382,0.506,0.377,134,-59.1,218.2,-176.8,27.1,4613,N
Russell Martin,,,1510,6011,174,734,718,100,11.7 %,17.7 %,0.15,0.286,0.253,0.351,0.403,0.333,106,-17.4,25.8,134.8,36.5,4616,N
Tommie Agee,,,1129,4324,130,558,433,167,7.9 %,21.2 %,0.157,0.302,0.255,0.32,0.412,0.329,110,4.9,54.3,53.7,25.9,1000080,N
Willie Aikens,,,774,2856,110,301,415,3,11.2 %,15.5 %,0.184,0.288,0.271,0.354,0.455,0.358,121,-1.8,69.5,-61.5,10.6,1000090,N
Bob Allison,,,1541,5921,256,811,796,84,13.4 %,17.4 %,0.217,0.271,0.255,0.358,0.471,0.369,129,-0.7,195.1,-35.1,35.3,1000166,N
Mike Andrews,,,893,3685,66,441,316,18,12.4 %,10.6 %,0.111,0.275,0.258,0.353,0.369,0.333,107,-4.1,23.4,-39.5,10.5,1000258,N
Bobby Avila,,,1300,5343,80,725,467,78,10.5 %,7.5 %,0.107,0.293,0.281,0.359,0.388,0.345,108,-1.1,48,18.6,24.8,1000380,N
Bob Bailey,,,1931,7043,189,772,773,85,12.1 %,16.0 %,0.146,0.285,0.257,0.347,0.403,0.339,112,-12,87.1,-33.1,31.3,1000420,N
Sal Bando,,,2019,8288,242,982,1039,75,12.4 %,11.1 %,0.155,0.26,0.254,0.352,0.408,0.346,121,-0.3,194.4,70.4,56.2,1000505,N
Kevin Bass,,,1571,5291,118,609,611,151,6.7 %,12.6 %,0.141,0.291,0.27,0.323,0.411,0.324,105,-0.5,28.4,-49.8,15.7,1000645,N
Don Baylor,,,2292,9401,338,1236,1276,285,8.6 %,11.4 %,0.175,0.26,0.26,0.342,0.436,0.347,118,10.3,205.4,-233.5,29.4,1000700,N
Buddy Bell,,,2405,10009,201,1151,1106,55,8.4 %,7.8 %,0.127,0.286,0.279,0.341,0.406,0.335,108,-19.6,73.4,200.9,61.7,1000799,N
Derek Bell,,,1210,5068,134,642,668,170,7.4 %,18.8 %,0.145,0.319,0.276,0.336,0.421,0.332,101,11.7,16.3,-48.6,13,1000801,N
Juan Beniquez,,,1500,5151,79,610,476,104,6.8 %,10.7 %,0.105,0.295,0.274,0.327,0.379,0.32,96,-8.9,-27.3,-34.3,10.9,1000833,N
Tony Bernazard,,,1071,4243,75,523,391,113,10.1 %,14.3 %,0.125,0.293,0.262,0.339,0.387,0.326,100,0.1,0.1,-18.2,12.6,1000889,N
Don Blasingame,,,1444,5938,21,731,308,105,9.3 %,7.8 %,0.069,0.279,0.258,0.329,0.327,0.3,81,0,-135.7,65.5,11.5,1001056,N
Curt Blefary,,,974,3490,112,394,382,24,13.1 %,12.7 %,0.163,0.243,0.237,0.342,0.4,0.334,117,-3,61.1,-54.9,12.1,1001068,N
Ray Boone,,,1373,5297,151,645,737,21,11.5 %,8.7 %,0.154,0.277,0.275,0.361,0.429,0.359,114,-0.2,91.4,2.9,27.2,1001189,N
Larry Bowa,,,2247,9108,15,987,525,318,5.2 %,6.2 %,0.06,0.276,0.26,0.3,0.32,0.282,70,24.6,-291.9,156.6,16.7,1001243,N
Phil Bradley,,,1022,4255,78,565,376,155,10.2 %,16.9 %,0.135,0.336,0.286,0.369,0.421,0.355,120,4.9,104.6,-84.8,16.6,1001313,N
Jackie Brandt,,,1221,4318,112,540,485,45,8.1 %,13.3 %,0.15,0.28,0.262,0.323,0.412,0.326,103,-1.3,13.5,-7.8,13.7,1001349,N
Steve Braun,,,1425,4295,52,466,388,45,13.5 %,10.1 %,0.096,0.294,0.271,0.371,0.367,0.341,113,-0.2,59.1,-36.4,17.2,1001366,N
Bob Brenly,,,871,3002,91,321,333,45,10.6 %,14.6 %,0.155,0.264,0.247,0.33,0.403,0.325,106,-6.9,16.2,5.8,12.5,1001386,N
Eddie Bressoud,,,1186,4106,94,443,365,9,8.7 %,17.6 %,0.149,0.289,0.252,0.319,0.401,0.318,94,-2.1,-34.1,53,15.3,1001397,N
Johnny Briggs,,,1366,4837,139,601,507,64,13.7 %,16.2 %,0.163,0.28,0.253,0.355,0.416,0.349,121,-4.1,108.2,-64.9,22.2,1001429,N
Ed Brinkman,,,1846,6640,60,550,461,30,6.7 %,12.7 %,0.076,0.25,0.224,0.28,0.3,0.264,64,-5.5,-270.8,183.3,10.3,1001438,N
Scott Brosius,,,1146,4356,141,544,531,57,8.0 %,16.0 %,0.164,0.278,0.257,0.323,0.422,0.326,94,-1.9,-33.8,42.4,15.7,1001477,N
Tom Brunansky,,,1800,7169,271,804,919,69,10.7 %,16.6 %,0.188,0.259,0.245,0.327,0.434,0.337,106,-15.8,29.3,-35.8,23.3,1001589,N
Bill Buckner,,,2517,10037,174,1077,1208,183,4.5 %,4.5 %,0.119,0.287,0.289,0.321,0.408,0.323,97,8.3,-27.6,-120.9,18.8,1001625,N
Steve Buechele,,,1334,4790,137,501,547,17,8.5 %,17.6 %,0.149,0.275,0.245,0.316,0.394,0.318,94,-8.8,-44.3,36.9,15.6,1001630,N
Jay Buhner,,,1472,5927,310,797,965,6,13.4 %,23.7 %,0.24,0.287,0.254,0.359,0.494,0.371,123,-9,167.4,-142.1,22.3,1001638,N
Jeff Burroughs,,,1689,6449,240,720,882,16,12.9 %,17.6 %,0.179,0.285,0.261,0.355,0.439,0.357,121,-4.7,151.1,-192.1,18.2,1001731,N
Ivan Calderon,,,924,3672,104,470,444,97,8.3 %,15.1 %,0.17,0.297,0.272,0.333,0.442,0.341,112,-1.1,48.5,-43.8,12.9,1001825,N
Ken Caminiti,,,1760,7127,239,894,983,88,10.2 %,16.3 %,0.175,0.297,0.272,0.347,0.447,0.345,114,0.3,130.4,3.4,36,1001863,N
Bernie Carbo,,,1010,3320,96,372,358,26,16.2 %,18.4 %,0.163,0.306,0.264,0.387,0.427,0.369,128,-0.8,108.3,-20.6,20.6,1001935,N
Jose Cardenal,,,2017,7696,138,936,775,329,7.9 %,10.5 %,0.12,0.292,0.275,0.333,0.395,0.33,103,16.3,45.4,-90.5,21,1001937,N
Chico Carrasquel,,,1325,5259,55,568,474,31,9.3 %,8.9 %,0.083,0.276,0.258,0.333,0.342,0.314,85,-1.7,-97.4,117.9,19.4,1001984,N
Joe Carter,,,2189,9154,396,1170,1445,231,5.8 %,15.2 %,0.205,0.265,0.259,0.306,0.464,0.334,102,18,30.6,-175.7,17.1,1002018,N
Bob Cerv,,,829,2516,105,320,374,12,8.4 %,15.6 %,0.205,0.291,0.276,0.34,0.481,0.36,120,-0.3,59.3,-25,11.6,1002107,N
Sam Chapman,,,1114,4580,148,620,646,27,10.0 %,11.5 %,0.169,0.276,0.267,0.342,0.436,0.36,105,-8.2,19.2,-10.5,16.8,1002152,N
Ed Charles,,,1005,3909,86,438,421,86,8.5 %,13.4 %,0.134,0.286,0.263,0.33,0.397,0.325,103,5.2,19.1,41.9,19,1002158,N
Horace Clarke,,,1272,5242,27,548,304,151,7.0 %,6.9 %,0.058,0.27,0.256,0.308,0.313,0.285,83,10.4,-84.8,54.1,13,1002287,N
Will Clark,,,1976,8283,284,1186,1205,67,11.3 %,14.4 %,0.193,0.326,0.303,0.384,0.497,0.381,136,-8.1,347.7,-115.9,52,1002318,N
Rocky Colavito,,,1841,7559,374,971,1159,19,12.6 %,11.6 %,0.223,0.255,0.266,0.359,0.489,0.373,132,-3.9,284.2,-35.4,49.2,1002404,N
Nate Colbert,,,1004,3863,173,481,520,52,9.9 %,23.3 %,0.207,0.278,0.243,0.322,0.451,0.344,116,-0.4,72.3,-73.6,13.8,1002407,N
Joe Collins,,,908,2700,86,404,329,27,12.5 %,9.7 %,0.165,0.257,0.256,0.35,0.421,0.353,113,-1.2,40.2,-23.8,10.8,1002456,N
Clint Courtney,,,946,3147,38,260,313,3,8.4 %,4.5 %,0.098,0.27,0.268,0.339,0.366,0.322,92,-3.5,-34.3,35.3,10.5,1002676,N
Willie Crawford,,,1210,3925,86,507,419,47,11.0 %,16.9 %,0.14,0.308,0.268,0.349,0.408,0.342,116,-3.2,67.8,-14,19.6,1002750,N
Joe Cronin,,,475,1685,54,242,288,9,13.5 %,9.9 %,0.195,0.3,0.291,0.39,0.486,0.404,129,-4.8,58.7,-2,11.9,1002796,N
Julio Cruz,,,1156,4438,23,557,279,343,10.8 %,11.4 %,0.061,0.266,0.237,0.321,0.299,0.29,75,38.1,-94,88.4,14.1,1002842,N
Kal Daniels,,,727,2739,104,391,360,87,13.3 %,18.0 %,0.194,0.319,0.285,0.382,0.479,0.381,140,5.8,134.9,-63.8,16.9,1002973,N
Alvin Dark,,,1828,7829,126,1064,757,59,5.5 %,6.8 %,0.122,0.298,0.289,0.333,0.411,0.337,98,4.6,-18.2,120.2,35.6,1002987,N
Darren Daulton,,,1161,4340,137,511,588,50,14.5 %,16.7 %,0.181,0.269,0.245,0.357,0.427,0.348,114,5.3,78,21.7,25,1003010,N
Jim Davenport,,,1501,4981,77,552,456,16,7.7 %,13.5 %,0.109,0.287,0.258,0.318,0.367,0.307,91,-4.8,-54.1,39.9,15.9,1003017,N
Chili Davis,,,2436,9997,350,1240,1372,142,11.9 %,17.0 %,0.177,0.302,0.274,0.36,0.451,0.354,118,-12.9,210.7,-172,37.9,1003041,N
Tommy Davis,,,1999,7739,153,811,1052,136,4.9 %,9.7 %,0.111,0.308,0.294,0.329,0.405,0.327,107,6.9,73.1,-138.4,19.9,1003084,N
Willie Davis,,,2429,9822,182,1217,1053,398,4.3 %,9.9 %,0.133,0.293,0.279,0.311,0.412,0.321,105,32.4,87.7,90.7,53.7,1003088,N
Doug DeCinces,,,1649,6534,237,778,879,58,9.5 %,13.8 %,0.186,0.268,0.259,0.329,0.445,0.342,114,-7,102.1,73.6,40.5,1003123,N
Rob Deer,,,1155,4513,230,578,600,43,12.7 %,31.2 %,0.223,0.275,0.22,0.324,0.442,0.341,110,-4.8,48.4,-57.9,14.3,1003137,N
Don Demeter,,,1109,3730,163,467,563,22,4.8 %,17.6 %,0.195,0.282,0.265,0.307,0.459,0.335,107,-4.6,25.3,-20,13.1,1003193,N
Bo Diaz,,,993,3538,87,327,452,9,5.6 %,12.1 %,0.132,0.268,0.255,0.297,0.387,0.303,86,-5.4,-64.2,67.5,12.3,1003261,N
Joe DiMaggio,,,1182,5127,224,870,979,14,11.5 %,4.9 %,0.24,0.298,0.316,0.399,0.556,0.433,153,-2.1,346.3,11.7,54.4,1003311,N
Vince DiMaggio,,,820,3144,98,363,452,60,9.7 %,18.5 %,0.175,0.288,0.253,0.329,0.428,0.354,111,10.6,52.1,-7.1,14.5,1003312,N
Larry Doby,,,1533,6302,253,960,970,47,13.8 %,16.0 %,0.207,0.307,0.283,0.386,0.49,0.396,137,-2.4,288,7,51.1,1003346,N
Dan Driessen,,,1732,6344,153,746,763,154,12.0 %,11.3 %,0.144,0.281,0.267,0.356,0.411,0.343,113,6.7,102.1,-107.1,21.3,1003501,N
Mike Easler,,,1151,4061,118,465,522,20,7.9 %,17.1 %,0.161,0.331,0.293,0.349,0.454,0.354,119,-6.3,81.1,-87.5,13.2,1003635,N
Jim Eisenreich,,,1422,4391,52,492,477,105,7.4 %,9.9 %,0.114,0.312,0.29,0.341,0.404,0.33,101,5.3,12.1,-40.7,11.4,1003719,N
Bob Elliott,,,1946,8050,167,1046,1176,60,11.9 %,7.5 %,0.15,0.296,0.288,0.375,0.438,0.38,124,9.2,245.4,-20.4,49.3,1003733,N
Del Ennis,,,1903,7940,288,985,1284,45,7.5 %,9.1 %,0.187,0.282,0.284,0.34,0.472,0.365,116,3.9,154.7,-121.9,28.7,1003786,N
Hoot Evers,,,1142,4310,98,556,565,45,9.6 %,9.7 %,0.148,0.291,0.278,0.353,0.426,0.36,106,-5.6,28.4,-18.9,15.4,1003875,N
Ferris Fain,,,1151,4904,48,595,570,46,18.4 %,5.3 %,0.106,0.301,0.29,0.424,0.396,0.39,127,-0.4,160.5,-50.4,27.8,1003902,N
Tony Fernandez,,,2158,8793,94,1057,844,246,7.8 %,8.9 %,0.111,0.308,0.288,0.347,0.399,0.333,102,-9.1,19.3,116.9,43.5,1004002,N
Cecil Fielder,,,1470,5939,319,744,1008,2,11.7 %,22.2 %,0.227,0.279,0.255,0.345,0.482,0.36,118,-2.9,122.7,-136.1,19,1004026,N
George Foster,,,1977,7812,348,986,1239,51,8.5 %,18.2 %,0.206,0.296,0.274,0.338,0.48,0.36,126,-0.8,233.2,-39.7,47.1,1004250,N
Tito Francona,,,1719,5776,125,650,656,46,9.4 %,12.0 %,0.13,0.292,0.272,0.343,0.403,0.333,106,3,47.6,-86.9,14.3,1004293,N
Jim Fregosi,,,1902,7402,151,844,706,76,9.7 %,14.8 %,0.134,0.296,0.265,0.338,0.398,0.331,113,2.1,110.9,77.1,44.2,1004330,N
Lonny Frey,,,770,3121,22,391,230,62,12.7 %,7.1 %,0.086,0.275,0.258,0.356,0.345,0.338,105,10.8,27.6,92.4,22,1004343,N
Augie Galan,,,972,3613,45,506,430,42,16.8 %,5.1 %,0.129,0.3,0.292,0.414,0.421,0.399,136,6.3,160.3,-30.2,25.9,1004440,N
Mike Gallego,,,1111,3379,42,374,282,24,9.6 %,13.8 %,0.089,0.269,0.239,0.32,0.328,0.298,84,-8.2,-72.7,101.2,14.1,1004458,N
Jim Gantner,,,1801,6787,47,726,568,137,5.6 %,7.4 %,0.077,0.29,0.274,0.319,0.351,0.302,87,-4.6,-106.5,75.3,19.5,1004483,N
Wayne Garrett,,,1092,3917,61,438,340,38,14.3 %,13.5 %,0.102,0.267,0.239,0.35,0.341,0.32,99,-2.8,-7.5,46.6,17.6,1004547,N
Ralph Garr,,,1317,5456,75,717,408,172,4.5 %,8.2 %,0.111,0.323,0.306,0.339,0.416,0.339,106,4.2,39.2,-107.1,12.2,1004554,N
Jim Gentile,,,936,3479,179,434,549,3,13.7 %,19.1 %,0.227,0.275,0.26,0.368,0.486,0.374,133,1.2,142.1,-48.3,20.4,1004612,N
Cesar Geronimo,,,1522,4229,51,460,392,82,8.4 %,17.6 %,0.11,0.308,0.258,0.325,0.368,0.311,91,2,-42.9,46.5,14.5,1004639,N
Bernard Gilkey,,,1239,4626,118,606,546,115,10.1 %,15.3 %,0.159,0.304,0.275,0.352,0.434,0.347,111,-7.1,54.7,22.8,22.7,1004706,N
Jim Gilliam,,,1956,8321,65,1163,558,203,12.5 %,5.0 %,0.09,0.273,0.265,0.36,0.355,0.329,98,1,-20.6,70.7,32.7,1004724,N
Dan Gladden,,,1197,4962,74,663,446,222,6.8 %,12.6 %,0.112,0.298,0.27,0.324,0.382,0.317,95,6,-23.7,-16.8,12.5,1004750,N
Sid Gordon,,,1475,5811,202,735,805,19,12.6 %,6.1 %,0.183,0.273,0.283,0.377,0.466,0.388,128,2.9,207,-39.2,35.8,1004877,N
Dick Green,,,1288,4462,80,427,422,26,7.7 %,17.6 %,0.108,0.278,0.24,0.303,0.347,0.295,87,-1,-67.6,92.9,16.3,1004991,N
Bobby Grich,,,2008,8220,224,1033,864,104,13.2 %,15.5 %,0.158,0.296,0.266,0.371,0.424,0.361,129,-10.2,254.9,134.1,69.2,1005033,N
Dick Groat,,,1929,8179,39,829,707,14,6.0 %,6.3 %,0.081,0.301,0.286,0.33,0.366,0.312,90,-4.2,-107.9,159.9,33.2,1005075,N
Greg Gross,,,1809,4355,7,449,308,39,12.0 %,5.7 %,0.065,0.302,0.287,0.372,0.351,0.332,105,-9,18.3,-34.7,13,1005086,N
Jerry Grote,,,1421,4844,39,352,404,15,8.2 %,12.4 %,0.074,0.282,0.252,0.316,0.326,0.291,83,-4.2,-101.8,93.3,16.3,1005092,N
Johnny Grubb,,,1424,4823,99,553,475,27,11.7 %,11.6 %,0.135,0.298,0.278,0.366,0.413,0.353,121,-7.1,111.1,-117.2,16.3,1005103,N
Kelly Gruber,,,939,3442,117,431,443,80,5.7 %,14.6 %,0.173,0.272,0.259,0.307,0.432,0.327,102,1.9,7.3,20.6,14.7,1005107,N
Ozzie Guillen,,,1993,7133,28,773,619,169,3.4 %,7.2 %,0.074,0.28,0.264,0.287,0.338,0.278,66,-11.4,-311.9,203.3,13.1,1005125,N
Tom Haller,,,1294,4519,134,461,504,14,10.6 %,13.1 %,0.157,0.27,0.257,0.34,0.414,0.333,113,-7.1,57.5,63.7,30,1005244,N
Jimmie Hall,,,963,3169,121,387,391,38,9.1 %,16.7 %,0.179,0.272,0.254,0.321,0.434,0.333,111,1.7,42.2,-1.4,13.9,1005253,N
Darryl Hamilton,,,1328,5177,51,707,454,163,9.5 %,9.5 %,0.094,0.316,0.291,0.36,0.385,0.336,98,1.7,-11.5,-16.4,14.2,1005272,N
Granny Hamner,,,1528,6291,104,711,708,35,5.6 %,6.9 %,0.121,0.268,0.262,0.303,0.383,0.312,82,3.7,-136.6,88,15.2,1005286,N
Grady Hatton,,,1312,4912,91,562,533,42,13.2 %,8.8 %,0.12,0.265,0.254,0.354,0.374,0.344,99,5.8,-4.6,-1.6,15.7,1005496,N
Frankie Hayes,,,842,3214,62,316,355,19,11.7 %,11.9 %,0.124,0.274,0.253,0.342,0.377,0.342,100,-1.8,1.9,22,13.6,1005526,N
Woodie Held,,,1390,4645,179,524,559,14,10.9 %,20.3 %,0.182,0.268,0.24,0.331,0.421,0.334,107,0,43.5,46.7,23.4,1005609,N
Tom Herr,,,1514,6116,28,676,574,188,10.3 %,9.5 %,0.079,0.297,0.271,0.347,0.35,0.317,97,10.7,-7.9,24.8,22.9,1005737,N
Pinky Higgins,,,789,3274,54,375,424,18,11.2 %,5.9 %,0.121,0.286,0.28,0.365,0.401,0.363,108,-7.8,21.2,-15,12.5,1005793,N
Glenallen Hill,,,1162,4033,186,528,586,96,6.7 %,21.0 %,0.212,0.302,0.271,0.321,0.482,0.348,110,3,57.7,-79.7,10.6,1005820,N
Tommy Holmes,,,1320,5565,88,698,581,40,8.6 %,2.2 %,0.13,0.297,0.302,0.366,0.432,0.375,122,5.5,149.2,0.5,33.8,1005980,N
Johnny Hopp,,,1387,4799,46,697,456,128,9.6 %,7.9 %,0.118,0.317,0.296,0.368,0.414,0.367,114,23.2,105.1,-29.7,23.3,1006022,N
Ron Hunt,,,1483,6158,39,745,370,65,9.0 %,6.2 %,0.074,0.287,0.273,0.368,0.347,0.332,109,-5.2,56.4,-7.8,28.3,1006212,N
Pete Incaviglia,,,1284,4677,206,546,655,33,7.7 %,27.3 %,0.202,0.3,0.246,0.31,0.448,0.333,104,-4.6,14.2,-69.7,10.2,1006257,N
Randy Jackson,,,955,3548,103,412,415,36,7.9 %,10.8 %,0.16,0.268,0.261,0.32,0.421,0.334,93,3.2,-27.3,34.2,11.8,1006307,N
Brook Jacoby,,,1311,5027,120,535,545,16,8.7 %,15.2 %,0.135,0.299,0.27,0.334,0.405,0.33,103,-8.4,10.1,-14,16.4,1006318,N
Stan Javier,,,1763,5755,57,781,503,246,10.0 %,14.6 %,0.094,0.311,0.269,0.345,0.363,0.32,95,26.5,-5.7,10.9,19.4,1006372,N
Davey Johnson,,,1435,5465,136,564,609,33,10.2 %,12.4 %,0.143,0.277,0.261,0.34,0.404,0.336,112,-0.9,71.9,34.4,28.9,1006440,N
Jay Johnstone,,,1748,5229,102,578,531,50,8.2 %,12.1 %,0.127,0.288,0.267,0.329,0.394,0.324,102,-9.6,4.2,-12.1,16,1006463,N
Mack Jones,,,1002,3584,133,485,415,65,10.7 %,21.1 %,0.192,0.291,0.252,0.347,0.444,0.354,122,-0.9,88.9,-35.6,19.2,1006574,N
Mike Jorgensen,,,1633,4034,95,429,426,58,13.2 %,14.6 %,0.129,0.267,0.243,0.347,0.373,0.33,103,-4.4,8.2,-34.8,10.9,1006622,N
Wally Judnich,,,790,3207,90,424,420,20,12.0 %,9.3 %,0.172,0.289,0.281,0.369,0.452,0.382,118,-7.2,65.8,-21,16.1,1006645,N
George Kell,,,1795,7528,78,881,870,51,8.2 %,3.8 %,0.107,0.311,0.306,0.367,0.414,0.362,111,-3.1,101.2,25.4,38.2,1006783,N
Bobby Knoop,,,1153,4004,56,337,331,16,7.6 %,20.8 %,0.098,0.29,0.236,0.296,0.334,0.283,82,-2,-85.4,91.5,12.4,1007049,N
Harvey Kuenn,,,1833,7618,87,951,671,68,7.8 %,5.3 %,0.105,0.31,0.303,0.357,0.408,0.343,108,-4.4,72.9,-54.8,27.5,1007200,N
Eddie Lake,,,833,3194,39,442,193,52,17.1 %,9.8 %,0.093,0.25,0.231,0.366,0.323,0.34,98,-8.8,-18.5,28.4,12.1,1007260,N
Jim Landis,,,1346,5025,93,625,467,139,11.7 %,15.3 %,0.128,0.28,0.247,0.344,0.375,0.326,103,9.7,28,33.6,21.5,1007296,N
Carney Lansford,,,1862,7905,151,1007,874,224,7.0 %,9.1 %,0.121,0.302,0.29,0.343,0.411,0.337,111,2.4,105.9,-42,33.9,1007331,N
Mike LaValliere,,,879,2871,18,185,294,5,11.2 %,8.5 %,0.07,0.288,0.268,0.351,0.338,0.31,94,-5.9,-28.4,91,16.1,1007387,N
Vance Law,,,1212,4298,71,453,442,34,9.5 %,14.0 %,0.12,0.285,0.256,0.326,0.376,0.317,96,-4.9,-25.9,-1.4,11.6,1007409,N
Ron LeFlore,,,1099,4872,59,731,353,455,7.5 %,18.2 %,0.104,0.347,0.288,0.342,0.392,0.333,104,36.6,61.2,-102.7,12.5,1007478,N
Danny Litwhiler,,,1057,3858,107,428,451,11,7.8 %,9.8 %,0.157,0.291,0.281,0.342,0.438,0.364,117,0.6,76.4,-22.7,17.7,1007670,N
Don Lock,,,921,3116,122,359,373,30,12.0 %,24.9 %,0.179,0.285,0.238,0.331,0.417,0.335,112,-3.8,39.9,-10.9,13.1,1007686,N
Whitey Lockman,,,1666,6590,114,836,563,43,8.4 %,5.8 %,0.111,0.283,0.279,0.342,0.391,0.337,96,0.7,-33.4,-56,11.9,1007694,N
Stan Lopata,,,853,3034,116,375,397,18,13.0 %,16.4 %,0.198,0.271,0.254,0.351,0.452,0.358,114,1,51.6,23.8,17.3,1007749,N
Mike Macfarlane,,,1164,4047,129,458,514,12,7.3 %,17.3 %,0.178,0.276,0.252,0.322,0.43,0.332,99,-4.8,-13.3,32.9,15.7,1007905,N
Shane Mack,,,923,3218,80,436,398,90,8.0 %,15.8 %,0.158,0.338,0.299,0.364,0.456,0.365,122,0.3,84.4,2.4,19.7,1007928,N
Elliott Maddox,,,1029,3340,18,360,234,60,12.2 %,10.7 %,0.073,0.291,0.261,0.358,0.334,0.322,103,-7.8,3.9,9.9,12.5,1007947,N
Bill Madlock,,,1806,7372,163,920,860,174,8.2 %,6.9 %,0.137,0.308,0.305,0.365,0.442,0.358,121,-0.2,178.9,-95,35,1007957,N
Hank Majeski,,,963,3396,50,369,447,8,8.3 %,6.8 %,0.12,0.29,0.28,0.346,0.4,0.348,100,-3,-2.2,27.7,13.9,1008006,N
Candy Maldonado,,,1410,4590,146,498,618,34,8.5 %,18.8 %,0.17,0.286,0.254,0.322,0.424,0.33,107,-7.8,29.3,-64.2,11.8,1008015,N
Roger Maris,,,1463,5846,275,826,851,21,11.2 %,12.5 %,0.216,0.254,0.26,0.345,0.476,0.361,126,2.7,190.1,-12.2,36.9,1008110,N
Mike Marshall,,,1035,3908,148,433,530,26,6.3 %,20.7 %,0.176,0.309,0.27,0.321,0.446,0.338,116,-9.1,62.9,-84.9,11.1,1008145,N
Willard Marshall,,,1246,4735,130,583,604,14,9.7 %,4.6 %,0.149,0.265,0.274,0.347,0.423,0.358,108,1.4,48.3,-41.5,16.2,1008148,N
Carmelo Martinez,,,1003,3356,108,350,424,10,12.0 %,15.7 %,0.162,0.263,0.245,0.337,0.408,0.333,110,-5.5,33.7,-22.3,12.5,1008157,N
Dave Martinez,,,1919,6480,91,795,580,183,8.8 %,13.8 %,0.113,0.311,0.276,0.341,0.389,0.326,96,-3.8,-36,-3.8,18.1,1008160,N
Gary Matthews,,,2033,8189,234,1083,978,183,11.5 %,13.7 %,0.157,0.304,0.281,0.364,0.439,0.361,121,8.4,199.6,-181.2,30.7,1008255,N
Don Mattingly,,,1785,7722,222,1007,1099,14,7.6 %,5.7 %,0.164,0.3,0.307,0.358,0.471,0.361,124,-2.7,218.4,-75.9,40.7,1008261,N
Charlie Maxwell,,,1133,3796,148,478,532,18,12.8 %,14.4 %,0.187,0.274,0.264,0.36,0.451,0.36,117,2.9,82.8,-5.1,19.9,1008287,N
John Mayberry,,,1620,6447,255,733,879,20,13.7 %,12.6 %,0.186,0.253,0.253,0.36,0.439,0.359,123,-0.5,163,-120.5,26.9,1008289,N
Dave May,,,1252,4085,96,462,422,60,8.4 %,12.2 %,0.125,0.266,0.251,0.318,0.375,0.315,96,-4.3,-20.4,-4.6,10.6,1008292,N
Lee Maye,,,1288,4382,94,533,419,59,6.4 %,11.0 %,0.136,0.291,0.274,0.323,0.41,0.326,107,0.1,33.5,-59.8,12.4,1008294,N
Bill Mazeroski,,,2163,8379,138,769,853,27,5.3 %,8.4 %,0.107,0.269,0.26,0.299,0.367,0.293,82,-0.7,-176.6,200.5,30.9,1008316,N
Lee Mazzilli,,,1475,4831,93,571,460,197,13.3 %,13.0 %,0.126,0.284,0.259,0.359,0.385,0.338,112,4.2,73.4,-96.5,14.2,1008318,N
Frank McCormick,,,1191,4745,105,528,703,24,7.1 %,3.2 %,0.137,0.282,0.29,0.344,0.426,0.36,117,2.5,96.4,0.6,25,1008413,N
Gil McDougald,,,1336,5395,112,697,576,45,10.4 %,11.5 %,0.134,0.297,0.276,0.356,0.41,0.349,114,-4.5,87.7,128.6,39.7,1008471,N
Mark McGwire,,,1874,7660,583,1167,1414,12,17.2 %,20.8 %,0.325,0.255,0.263,0.394,0.588,0.415,157,-2.5,555,-138.5,66.3,1008559,N
Roy McMillan,,,2093,7653,68,739,594,41,8.7 %,9.3 %,0.078,0.261,0.243,0.314,0.321,0.292,73,-2,-258.2,210.6,19.9,1008643,N
Brian McRae,,,1354,5737,103,734,532,196,8.5 %,14.4 %,0.135,0.292,0.261,0.331,0.396,0.324,94,2.2,-39.7,-6.8,13.5,1008686,N
Bill Melton,,,1144,4558,160,496,591,23,10.5 %,14.7 %,0.166,0.265,0.253,0.337,0.419,0.343,113,-3.5,62.9,-27.4,19.4,1008754,N
Felix Millan,,,1480,6325,22,699,403,67,5.0 %,3.8 %,0.064,0.287,0.279,0.322,0.343,0.304,87,-1,-92.4,16.8,14.2,1008867,N
Rick Miller,,,1482,4440,28,552,369,78,10.2 %,13.1 %,0.081,0.309,0.269,0.346,0.35,0.32,95,-8.8,-34,24.3,13.8,1008928,N
Randy Milligan,,,703,2594,70,305,284,16,17.2 %,16.6 %,0.159,0.296,0.261,0.391,0.42,0.37,131,-4.5,89.7,-35.4,14.6,1008946,N
John Milner,,,1215,3985,131,455,498,31,12.6 %,11.9 %,0.164,0.253,0.249,0.344,0.413,0.343,114,-1.5,61,-71.8,12.8,1008965,N
Don Mincher,,,1400,4725,200,530,643,24,12.8 %,14.1 %,0.201,0.251,0.249,0.348,0.45,0.354,126,-5.8,129.3,-35.3,24.8,1008973,N
Dale Mitchell,,,1127,4357,41,555,403,45,7.9 %,2.7 %,0.104,0.315,0.312,0.368,0.416,0.363,114,-9.6,67.4,-25.3,19,1009000,N
Johnny Mize,,,1311,5002,260,750,921,25,11.7 %,6.8 %,0.246,0.274,0.296,0.384,0.542,0.421,149,3.3,297.7,-31.8,43.5,1009014,N
Wally Moon,,,1457,5566,142,737,661,89,11.6 %,10.6 %,0.157,0.303,0.289,0.371,0.445,0.363,119,-6.2,121.6,-78.6,22.7,1009085,N
Hal Morris,,,1246,4443,76,535,513,45,8.0 %,12.3 %,0.129,0.334,0.304,0.361,0.433,0.349,111,-1.2,57.1,-58.6,14.6,1009209,N
Jim Morrison,,,1089,3695,112,371,435,50,5.8 %,14.1 %,0.159,0.275,0.26,0.305,0.419,0.32,97,-5.2,-16.4,8.7,11.7,1009212,N
Jerry Mumphrey,,,1585,5545,70,660,575,174,8.6 %,12.4 %,0.108,0.321,0.289,0.349,0.396,0.334,109,3.2,59.6,-29.7,21.9,1009314,N
Bob Nieman,,,1113,3947,125,455,544,10,11.0 %,13.0 %,0.179,0.314,0.295,0.373,0.474,0.378,130,-7,137,-64.9,20.6,1009587,N
Matt Nokes,,,902,2997,136,310,422,8,6.7 %,13.2 %,0.187,0.251,0.254,0.308,0.441,0.328,103,-2,9.2,-2.5,10.8,1009615,N
Irv Noren,,,1093,3507,65,443,453,34,9.6 %,10.0 %,0.135,0.291,0.275,0.348,0.41,0.345,105,-1,20,-0.7,13.6,1009628,N
Ron Northey,,,1084,3567,108,385,513,7,10.1 %,8.3 %,0.174,0.276,0.276,0.352,0.45,0.373,121,0.2,89.6,-73.7,13.3,1009643,N
Charlie O'Brien,,,800,2560,56,216,261,1,8.2 %,13.8 %,0.132,0.238,0.221,0.303,0.353,0.295,76,-4.3,-78.9,99,10.7,1009685,N
Al Oliver,,,2368,9778,219,1189,1326,84,5.5 %,7.7 %,0.148,0.309,0.303,0.344,0.451,0.352,120,-6.8,220.4,-135,43.4,1009773,N
Paul O'Neill,,,2053,8329,281,1041,1269,141,10.7 %,14.0 %,0.183,0.306,0.288,0.363,0.47,0.362,120,-3.1,210.2,-78.7,41,1009818,N
Jim Pagliaroni,,,849,2853,90,269,326,4,11.6 %,17.3 %,0.155,0.28,0.252,0.344,0.407,0.335,109,-1.1,29.1,32.8,16.5,1009958,N
Mike Pagliarulo,,,1246,4317,134,462,505,18,7.9 %,18.2 %,0.165,0.268,0.241,0.306,0.407,0.313,92,-3.9,-46,9.7,10.8,1009959,N
Dave Parker,,,2466,10184,339,1272,1493,154,6.7 %,15.1 %,0.181,0.314,0.29,0.339,0.471,0.354,120,-14.3,218.1,-159.3,41.1,1010000,N
Larry Parrish,,,1891,7451,256,850,992,30,7.1 %,18.2 %,0.176,0.293,0.263,0.318,0.439,0.334,105,-8.4,40,-122.8,16.9,1010020,N
Tony Pena,,,1988,7073,107,667,708,80,6.4 %,12.0 %,0.104,0.283,0.26,0.309,0.364,0.3,83,-10.4,-156.2,155.1,23.9,1010153,N
Joe Pepitone,,,1397,5476,219,606,721,41,5.5 %,9.6 %,0.174,0.25,0.258,0.301,0.432,0.323,104,-2.4,21,-63.6,12.7,1010167,N
Johnny Pesky,,,1270,5516,17,867,404,53,12.0 %,4.0 %,0.079,0.319,0.307,0.394,0.386,0.371,111,-9.4,62.6,64.5,32.1,1010219,N
Gary Pettis,,,1183,4237,21,568,259,354,12.3 %,22.6 %,0.074,0.313,0.236,0.332,0.31,0.3,85,28.4,-47.5,82.9,17.8,1010249,N
Dave Philley,,,1904,7000,84,789,729,101,8.5 %,7.9 %,0.107,0.284,0.27,0.334,0.377,0.327,91,-2.9,-82.5,-45.8,10.5,1010285,N
Wally Post,,,1204,4397,210,594,699,19,7.5 %,18.5 %,0.22,0.283,0.266,0.323,0.485,0.354,110,0.7,53,-42.5,15,1010468,N
Vic Power,,,1627,6461,126,765,658,45,4.3 %,3.8 %,0.127,0.278,0.284,0.315,0.411,0.321,94,-2.2,-47.4,-1.8,14.7,1010506,N
Doug Rader,,,1465,5832,155,631,722,37,9.1 %,18.1 %,0.152,0.285,0.251,0.322,0.403,0.327,105,-3.5,31.4,20.1,26.5,1010638,N
Gary Redus,,,1159,4066,90,591,352,322,11.8 %,16.9 %,0.158,0.287,0.252,0.342,0.41,0.336,109,30.2,70.5,-48.6,16.2,1010758,N
Rick Reichardt,,,997,3685,116,391,445,40,7.1 %,18.2 %,0.153,0.294,0.261,0.326,0.414,0.334,115,-5.9,53.1,-37,13.5,1010791,N
Craig Reynolds,,,1491,4863,42,480,377,58,4.7 %,8.3 %,0.089,0.271,0.256,0.291,0.345,0.283,78,-1.1,-126.7,66.7,10.4,1010867,N
Bip Roberts,,,1202,4631,30,663,352,264,8.6 %,11.8 %,0.086,0.331,0.294,0.358,0.38,0.333,103,13.5,25.7,-14.3,17.5,1011023,N
Bob Robertson,,,829,2742,115,283,368,7,11.6 %,19.9 %,0.192,0.265,0.242,0.331,0.434,0.346,115,-1.4,47.9,-33.9,11,1011024,N
Leon Roberts,,,901,3066,78,342,328,26,8.3 %,14.0 %,0.152,0.289,0.267,0.332,0.419,0.338,108,-4.3,21.1,-13.1,11.3,1011040,N
Aaron Robinson,,,610,2189,61,208,272,0,15.4 %,8.9 %,0.152,0.263,0.26,0.375,0.412,0.373,115,-3.1,34.3,21.8,13.4,1011052,N
Bill Robinson,,,1472,4729,166,536,641,71,5.6 %,17.3 %,0.18,0.28,0.258,0.3,0.438,0.326,102,-3.4,10.9,-50.7,11.3,1011054,N
Eddie Robinson,,,1315,4891,172,546,723,10,10.7 %,7.3 %,0.172,0.259,0.268,0.353,0.44,0.364,113,-1.3,75.3,-60,18.1,1011063,N
Floyd Robinson,,,1011,3770,67,458,426,42,10.8 %,7.5 %,0.126,0.292,0.283,0.365,0.409,0.345,119,1.4,88.9,-39.3,16.6,1011064,N
Jackie Robinson,,,1382,5802,137,947,734,197,12.8 %,5.0 %,0.162,0.31,0.311,0.409,0.474,0.406,135,29.7,285.8,93.7,57.2,1011070,N
Aurelio Rodriguez,,,2017,7082,124,612,648,35,4.6 %,13.3 %,0.114,0.259,0.237,0.275,0.351,0.282,73,-3.5,-218,130,13.2,1011100,N
Rich Rollins,,,1002,3675,77,419,399,17,7.2 %,11.2 %,0.12,0.285,0.269,0.328,0.388,0.321,99,0.6,-0.9,24.4,13.5,1011162,N
Juan Samuel,,,1720,6664,161,873,703,396,6.6 %,21.6 %,0.16,0.313,0.259,0.315,0.42,0.324,100,20,24.7,-102,15.1,1011400,N
Paul Schaal,,,1128,4149,57,436,323,43,12.4 %,11.2 %,0.1,0.265,0.244,0.341,0.344,0.316,102,-4.1,5.5,-4,13.7,1011502,N
George Scott,,,2034,8269,271,957,1051,69,8.5 %,17.2 %,0.167,0.296,0.268,0.333,0.435,0.343,113,-5.3,115.1,-20.2,36.3,1011682,N
Kevin Seitzer,,,1439,6062,74,739,613,80,11.0 %,10.2 %,0.109,0.32,0.295,0.375,0.404,0.351,113,-5.7,96.1,-35.9,26.7,1011730,N
Roy Sievers,,,1887,7349,318,945,1147,14,11.4 %,12.5 %,0.208,0.266,0.267,0.354,0.475,0.367,121,-1.8,184.5,-158.3,27.5,1011959,N
Duke Sims,,,843,2810,100,263,310,6,12.0 %,17.2 %,0.162,0.26,0.239,0.34,0.401,0.336,113,-3.9,36,10.6,14.6,1012000,N
Bill Skowron,,,1658,6046,211,681,888,16,6.3 %,14.4 %,0.177,0.3,0.282,0.332,0.459,0.347,118,-1.4,133.9,-37.9,28.6,1012043,N
Enos Slaughter,,,2119,7989,149,1093,1160,68,11.8 %,5.6 %,0.152,0.304,0.3,0.385,0.451,0.386,127,8.2,265.2,-69.6,46.2,1012060,N
Roy Smalley,,,1653,6595,163,745,694,27,11.7 %,13.8 %,0.138,0.278,0.257,0.345,0.395,0.334,105,-7.8,27,22,27.8,1012078,N
Al Smith,,,1517,6172,164,843,676,67,10.9 %,12.4 %,0.157,0.29,0.272,0.358,0.429,0.353,116,-0.3,118.3,-82.8,23.3,1012090,N
Ozzie Smith,,,2573,10778,28,1257,793,580,9.9 %,5.5 %,0.066,0.275,0.262,0.337,0.328,0.305,90,55.2,-69.4,375.3,67.6,1012186,N
Eric Soderholm,,,894,3255,102,402,383,18,9.1 %,11.0 %,0.157,0.27,0.264,0.335,0.421,0.341,111,-3.6,39.5,52.8,20.5,1012260,N
Daryl Spencer,,,1098,4206,105,457,428,13,10.7 %,12.3 %,0.136,0.257,0.244,0.327,0.38,0.319,91,1.8,-47.4,24.5,11.7,1012321,N
Stan Spence,,,1112,4446,95,541,575,21,11.7 %,5.6 %,0.155,0.282,0.282,0.369,0.437,0.379,125,-6.7,115.7,-46.1,23.6,1012328,N
Mike Stanley,,,1467,4989,187,625,702,13,13.1 %,18.6 %,0.188,0.301,0.27,0.37,0.458,0.364,118,0.2,119,-71.4,21.4,1012416,N
Vern Stephens,,,1720,7240,247,1001,1174,25,9.6 %,9.5 %,0.174,0.289,0.286,0.355,0.46,0.377,117,-4.6,143.6,83.5,48.6,1012501,N
Darryl Strawberry,,,1583,6326,335,898,1000,221,12.9 %,21.4 %,0.247,0.282,0.259,0.357,0.505,0.372,137,2.6,272,-81.2,41.5,1012606,N
Dick Stuart,,,1112,4363,228,506,743,2,6.9 %,21.9 %,0.225,0.29,0.264,0.316,0.489,0.351,116,-1.3,82.2,-117.4,10.9,1012639,N
Tony Taylor,,,2195,8501,75,1005,598,234,7.2 %,12.7 %,0.09,0.294,0.261,0.321,0.352,0.304,89,7.3,-106.6,0.8,19.2,1012892,N
Garry Templeton,,,2079,8208,70,893,728,242,4.6 %,13.3 %,0.097,0.307,0.271,0.304,0.369,0.295,83,-2.8,-166.7,134.3,24.5,1012909,N
Frank Thomas,,,1766,6916,286,792,962,15,7.0 %,12.9 %,0.188,0.268,0.266,0.32,0.454,0.34,104,-2.6,32.4,-91.7,16.6,1012976,N
Gorman Thomas,,,1436,5486,268,681,782,50,12.7 %,24.4 %,0.223,0.251,0.225,0.324,0.448,0.343,114,-9.2,78,-63.2,20.4,1012979,N
Milt Thompson,,,1359,4155,47,491,357,214,8.1 %,15.3 %,0.099,0.317,0.274,0.335,0.372,0.317,95,15.1,-12.9,29.7,15.9,1013021,N
Bobby Thomson,,,1779,6957,264,903,1026,38,8.0 %,11.6 %,0.191,0.274,0.27,0.332,0.462,0.357,110,2,84.6,1.2,31.3,1013032,N
Earl Torgeson,,,1668,6037,149,848,740,133,16.2 %,10.8 %,0.152,0.279,0.265,0.385,0.417,0.371,121,14,169.1,-69.9,29.8,1013124,N
Cesar Tovar,,,1488,6177,46,834,435,226,6.7 %,6.6 %,0.09,0.291,0.278,0.335,0.368,0.321,101,7.1,16.3,7.4,22.1,1013142,N
Tom Tresh,,,1192,4895,153,595,530,45,11.2 %,14.3 %,0.166,0.259,0.245,0.335,0.411,0.334,115,0.9,83.7,-2.5,23.7,1013179,N
Gus Triandos,,,1206,4426,167,389,608,1,9.9 %,14.4 %,0.169,0.251,0.244,0.322,0.413,0.325,102,2.2,13.6,30,19,1013182,N
Del Unser,,,1799,5813,87,617,481,64,8.3 %,11.6 %,0.1,0.28,0.258,0.319,0.358,0.307,91,-8.3,-59.6,10.8,13,1013286,N
Elmer Valo,,,1806,6091,58,768,601,110,15.5 %,4.7 %,0.109,0.29,0.282,0.398,0.391,0.373,117,-8.6,121.6,-54.8,27.3,1013335,N
Andy Van Slyke,,,1658,6495,164,835,792,245,10.3 %,16.4 %,0.169,0.308,0.274,0.349,0.443,0.35,120,23.8,168.7,19.3,41.9,1013363,N
Leon Wagner,,,1352,4950,211,636,669,54,8.8 %,13.3 %,0.184,0.276,0.272,0.34,0.455,0.349,120,3.2,117.6,-137.9,13.6,1013487,N
Harry Walker,,,807,2981,10,385,214,42,8.2 %,5.9 %,0.087,0.315,0.296,0.358,0.383,0.351,104,7.4,23.8,-14.4,10.8,1013521,N
Tim Wallach,,,2212,8908,260,908,1125,51,7.3 %,14.7 %,0.159,0.276,0.257,0.316,0.416,0.322,102,-17.7,0.6,74,37.6,1013554,N
Denny Walling,,,1271,3287,49,372,380,44,9.4 %,9.6 %,0.119,0.288,0.271,0.339,0.39,0.326,108,1.1,32.1,-27,11.7,1013559,N
Gary Ward,,,1287,4892,130,594,597,83,7.2 %,15.8 %,0.149,0.306,0.276,0.328,0.425,0.334,104,3.7,28.4,-18.6,17.5,1013611,N
Claudell Washington,,,1912,7367,164,926,824,312,6.4 %,17.2 %,0.142,0.318,0.278,0.325,0.42,0.33,105,9.7,50.9,-132.6,16.9,1013654,N
Mitch Webster,,,1265,3851,70,504,342,160,8.4 %,15.0 %,0.137,0.296,0.263,0.33,0.401,0.324,102,1.5,10.9,-6.9,13.3,1013719,N
Walt Weiss,,,1495,5516,25,623,386,96,11.9 %,11.9 %,0.068,0.292,0.258,0.351,0.326,0.312,81,3.4,-124.9,91.9,14.8,1013748,N
Vic Wertz,,,1862,7021,266,867,1178,9,11.8 %,12.0 %,0.192,0.283,0.277,0.364,0.469,0.376,120,-3.3,170.8,-83.5,32,1013795,N
Wally Westlake,,,958,3495,127,474,539,19,9.1 %,13.0 %,0.178,0.284,0.272,0.345,0.45,0.365,109,1.7,43.1,-19.5,13.8,1013807,N
Wes Westrum,,,919,2849,96,302,315,10,17.2 %,18.0 %,0.156,0.237,0.217,0.356,0.373,0.344,99,1.6,-2,58.9,14.9,1013812,N
Mark Whiten,,,940,3523,105,465,423,78,10.7 %,20.2 %,0.156,0.303,0.259,0.341,0.415,0.334,102,-1.3,7.6,6.5,13.1,1013886,N
Rick Wilkins,,,720,2435,81,280,275,9,11.4 %,23.4 %,0.167,0.293,0.244,0.332,0.41,0.326,97,-3.4,-13.4,74.6,14.2,1013960,N
Earl Williams,,,889,3431,138,361,457,2,8.7 %,16.7 %,0.177,0.26,0.247,0.318,0.424,0.335,106,-0.8,20.9,-39.2,10.8,1013995,N
Mookie Wilson,,,1403,5442,67,731,438,327,5.2 %,15.9 %,0.112,0.318,0.274,0.314,0.386,0.312,96,25.6,3.3,-0.8,18.6,1014096,N
Gene Woodling,,,1796,6613,147,830,830,29,13.9 %,7.2 %,0.147,0.288,0.284,0.386,0.431,0.372,125,-8.8,194.2,-82.7,33.3,1014228,N
Taffy Wright,,,800,3153,32,351,424,30,9.4 %,3.8 %,0.104,0.313,0.308,0.378,0.412,0.371,114,-7.2,49.1,-30,13.1,1014296,N
Jimmy Wynn,,,1920,8010,291,1105,964,225,15.3 %,17.8 %,0.186,0.274,0.25,0.366,0.436,0.362,130,9.9,274.5,-63.8,52.8,1014313,N
Joel Youngblood,,,1408,4078,80,453,422,60,8.1 %,14.4 %,0.127,0.294,0.265,0.329,0.392,0.323,104,-9.9,7.4,-39.4,10.6,1014383,N
